[
    {
        "id": "68374948072fa5.05225871",
        "crew_id": "6837416e5d2929.01722472",
        "amount": 100,
        "reason": "Avance",
        "date": "2025-05-28T19:34",
        "status": "pending",
        "created_at": "2025-05-28 19:35:04"
    },
    {
        "id": "68529285266d21.28753505",
        "crew_id": "6837416e5d2929.01722472",
        "amount": 180,
        "reason": "Sahria",
        "date": "2025-06-18T12:18",
        "status": "pending",
        "created_at": "2025-06-18 12:18:45"
    },
    {
        "id": "6852928bc096f8.46803322",
        "crew_id": "6837416e5d2929.01722472",
        "amount": 180,
        "reason": "Sahria",
        "date": "2025-06-18T12:18",
        "status": "pending",
        "created_at": "2025-06-18 12:18:51"
    }
]