[
    {
        "id": "service_001",
        "name": "Coupe Homme",
        "price": 15,
        "category": "Coupe",
        "description": "Coupe classique pour homme",
        "created_at": "2025-04-01 10:00:00",
        "created_by": "admin"
    },
    {
        "id": "service_002",
        "name": "Coupe Femme",
        "price": 25,
        "category": "Coupe",
        "description": "Coupe et mise en forme pour femme",
        "created_at": "2025-04-01 10:00:00",
        "created_by": "admin"
    },
    {
        "id": "service_003",
        "name": "Brushing",
        "price": 20,
        "category": "Coiffure",
        "description": "Brushing et mise en forme",
        "created_at": "2025-04-01 10:00:00",
        "created_by": "admin"
    },
    {
        "id": "service_004",
        "name": "Coloration",
        "price": 80,
        "category": "Coloration",
        "description": "Coloration complète",
        "created_at": "2025-04-01 10:00:00",
        "created_by": "admin"
    },
    {
        "id": "service_005",
        "name": "Mèches",
        "price": 120,
        "category": "Coloration",
        "description": "Mèches et balayage",
        "created_at": "2025-04-01 10:00:00",
        "created_by": "admin"
    },
    {
        "id": "service_006",
        "name": "Soin Capillaire",
        "price": 35,
        "category": "Soin",
        "description": "Masque et soin nourrissant",
        "created_at": "2025-04-01 10:00:00",
        "created_by": "admin"
    },
    {
        "id": "service_007",
        "name": "Permanente",
        "price": 90,
        "category": "Coiffure",
        "description": "Permanente complète",
        "created_at": "2025-04-01 10:00:00",
        "created_by": "admin"
    },
    {
        "id": "service_008",
        "name": "Défrisage",
        "price": 100,
        "category": "Coiffure",
        "description": "Défrisage et lissage",
        "created_at": "2025-04-01 10:00:00",
        "created_by": "admin"
    },
    {
        "id": "685295bd638e62.59655584",
        "name": "Yes 1",
        "price": 100,
        "category": "Yes 2",
        "description": "Oui c ca",
        "created_at": "2025-06-18 12:32:29",
        "created_by": "admin"
    },
    {
        "id": "68529603c64618.62380335",
        "name": "Yes11",
        "price": 110,
        "category": "Coloration",
        "description": "ouiiii",
        "created_at": "2025-06-18 12:33:39",
        "created_by": "admin"
    }
]