{
    "0": {
        "id": "684ae2b4b77271.12951407",
        "type": "Coupe",
        "crew_id": "684ae12942c189.56153227",
        "amount": 15,
        "date": "2025-06-12T10:03",
        "notes": "",
        "customer_name": "Passager",
        "customer_phone": "",
        "customer_email": "",
        "added_by": "admin",
        "added_by_name": "admin",
        "created_at": "2025-06-12 16:22:44"
    },
    "1": {
        "id": "684ae302025641.42183741",
        "type": "Coupe barbe brushing",
        "crew_id": "684ae0dd37be06.94756449",
        "amount": 25,
        "date": "2025-06-12T11:40",
        "notes": "",
        "customer_name": "Passager",
        "customer_phone": "",
        "customer_email": "",
        "added_by": "admin",
        "added_by_name": "admin",
        "created_at": "2025-06-12 16:24:02"
    },
    "2": {
        "id": "684ae35faa4b96.00705837",
        "type": "Barbe",
        "crew_id": "684ae0dd37be06.94756449",
        "amount": 10,
        "date": "2025-06-12T13:00",
        "notes": "Client fidèle agence de voyage éden tours",
        "customer_name": "Sabri hedhili",
        "customer_phone": "99933322",
        "customer_email": "sabrihedhili@yahoo.fr",
        "added_by": "admin",
        "added_by_name": "admin",
        "created_at": "2025-06-12 16:25:35"
    },
    "3": {
        "id": "684af183704d02.77759601",
        "type": "Coupe enfant",
        "crew_id": "684ae1a5c98fb8.48230325",
        "amount": 10,
        "date": "2025-06-12T17:25",
        "notes": "",
        "customer_name": "",
        "customer_phone": "",
        "customer_email": "",
        "added_by": "admin",
        "added_by_name": "admin",
        "created_at": "2025-06-12 17:25:55"
    },
    "4": {
        "id": "684af702c69356.42375892",
        "type": "Barbe brushing",
        "crew_id": "684ae0dd37be06.94756449",
        "amount": 20,
        "date": "2025-06-12T17:47",
        "notes": "Tarek client fidèle",
        "customer_name": "Tarek rezgui",
        "customer_phone": "54063369",
        "customer_email": "",
        "added_by": "admin",
        "added_by_name": "admin",
        "created_at": "2025-06-12 17:49:22"
    },
    "5": {
        "id": "684af779e66ef8.16205996",
        "type": "Coupe enfant",
        "crew_id": "684ae12942c189.56153227",
        "amount": 10,
        "date": "2025-06-12T16:50",
        "notes": "",
        "customer_name": "Client fidèle",
        "customer_phone": "",
        "customer_email": "",
        "added_by": "admin",
        "added_by_name": "admin",
        "created_at": "2025-06-12 17:51:21",
        "updated_at": "2025-06-12 17:51:38"
    },
    "6": {
        "id": "684afb7bd051a8.73859292",
        "type": "COUPE BARBE brushin",
        "crew_id": "684ae0dd37be06.94756449",
        "amount": 25,
        "date": "2025-06-12T18:01",
        "notes": "",
        "customer_name": "PASSAGER",
        "customer_phone": "",
        "customer_email": "",
        "added_by": "admin",
        "added_by_name": "admin",
        "created_at": "2025-06-12 18:08:27"
    },
    "7": {
        "id": "684afe3f382ed5.11133739",
        "type": "Coupe barbe",
        "crew_id": "684ae1a5c98fb8.48230325",
        "amount": 25,
        "date": "2025-06-12T18:19",
        "notes": "",
        "customer_name": "Passager",
        "customer_phone": "",
        "customer_email": "",
        "added_by": "admin",
        "added_by_name": "admin",
        "created_at": "2025-06-12 18:20:15"
    },
    "8": {
        "id": "684b0d7835e5f3.27588404",
        "type": "COUPE BARBE",
        "crew_id": "684ae12942c189.56153227",
        "amount": 20,
        "date": "2025-06-12T18:28",
        "notes": "",
        "customer_name": "",
        "customer_phone": "",
        "customer_email": "",
        "added_by": "admin",
        "added_by_name": "admin",
        "created_at": "2025-06-12 19:25:12"
    },
    "9": {
        "id": "684b0fce1cc3b1.04962717",
        "type": "COUPE BARBE",
        "crew_id": "684ae0dd37be06.94756449",
        "amount": 25,
        "date": "2025-06-12T18:22",
        "notes": "",
        "customer_name": "",
        "customer_phone": "",
        "customer_email": "",
        "added_by": "admin",
        "added_by_name": "admin",
        "created_at": "2025-06-12 19:35:10"
    },
    "11": {
        "id": "684b12155e8889.43012630",
        "type": "Brushing wavy",
        "crew_id": "684ae2127070a1.27531058",
        "amount": 25,
        "date": "2025-06-12T19:44",
        "notes": "",
        "customer_name": "Hanin danseuses",
        "customer_phone": "",
        "customer_email": "",
        "added_by": "admin",
        "added_by_name": "admin",
        "created_at": "2025-06-12 19:44:53"
    },
    "12": {
        "id": "684b1909002199.40007791",
        "type": "Brushing wavy",
        "crew_id": "684ae2127070a1.27531058",
        "amount": 30,
        "date": "2025-06-12T20:13",
        "notes": "",
        "customer_name": "Passager",
        "customer_phone": "",
        "customer_email": "",
        "added_by": "admin",
        "added_by_name": "admin",
        "created_at": "2025-06-12 20:14:33"
    },
    "13": {
        "id": "684b22c7405b28.17657945",
        "type": "Coupe barbe application protéine",
        "crew_id": "684ae1a5c98fb8.48230325",
        "amount": 60,
        "date": "2025-06-12T20:55",
        "notes": "",
        "customer_name": "",
        "customer_phone": "",
        "customer_email": "",
        "added_by": "admin",
        "added_by_name": "admin",
        "created_at": "2025-06-12 20:56:07"
    },
    "14": {
        "id": "684b23311051c3.30964374",
        "type": "Coupe",
        "crew_id": "684ae0dd37be06.94756449",
        "amount": 15,
        "date": "2025-06-12T20:56",
        "notes": "",
        "customer_name": "Sami fleuriste",
        "customer_phone": "",
        "customer_email": "",
        "added_by": "admin",
        "added_by_name": "admin",
        "created_at": "2025-06-12 20:57:53"
    },
    "15": {
        "id": "684b2343217744.99558803",
        "type": "Coupe barbe brushing",
        "crew_id": "684ae12942c189.56153227",
        "amount": 25,
        "date": "2025-06-12T20:57",
        "notes": "",
        "customer_name": "",
        "customer_phone": "",
        "customer_email": "",
        "added_by": "admin",
        "added_by_name": "admin",
        "created_at": "2025-06-12 20:58:11"
    },
    "16": {
        "id": "684b2870393203.76727351",
        "type": "Coupe barbe",
        "crew_id": "684ae12942c189.56153227",
        "amount": 20,
        "date": "2025-06-12T21:20",
        "notes": "",
        "customer_name": "",
        "customer_phone": "",
        "customer_email": "",
        "added_by": "admin",
        "added_by_name": "admin",
        "created_at": "2025-06-12 21:20:16"
    },
    "17": {
        "id": "684b2ad3b2ee66.56493463",
        "type": "Brushing enfant",
        "crew_id": "684ae2127070a1.27531058",
        "amount": 10,
        "date": "2025-06-12T21:29",
        "notes": "",
        "customer_name": "La fille de chameau 🐫",
        "customer_phone": "",
        "customer_email": "",
        "added_by": "admin",
        "added_by_name": "admin",
        "created_at": "2025-06-12 21:30:27"
    },
    "18": {
        "id": "684b30e3083b15.98064529",
        "type": "Barbe",
        "crew_id": "684ae12942c189.56153227",
        "amount": 10,
        "date": "2025-06-12T21:30",
        "notes": "",
        "customer_name": "",
        "customer_phone": "",
        "customer_email": "",
        "added_by": "admin",
        "added_by_name": "admin",
        "created_at": "2025-06-12 21:56:19"
    },
    "19": {
        "id": "684b317749c1e6.89510017",
        "type": "Brushing",
        "crew_id": "684ae0dd37be06.94756449",
        "amount": 5,
        "date": "2025-06-12T21:58",
        "notes": "Frère anouar client fidèle",
        "customer_name": "Mohamed khalfa",
        "customer_phone": "22448703",
        "customer_email": "",
        "added_by": "admin",
        "added_by_name": "admin",
        "created_at": "2025-06-12 21:58:47"
    },
    "20": {
        "id": "684b31f10593a2.72519554",
        "type": "COUPE",
        "crew_id": "684ae0dd37be06.94756449",
        "amount": 15,
        "date": "2025-06-12T22:00",
        "notes": "",
        "customer_name": "",
        "customer_phone": "",
        "customer_email": "",
        "added_by": "admin",
        "added_by_name": "admin",
        "created_at": "2025-06-12 22:00:49"
    },
    "21": {
        "id": "684bf5985207f3.22579760",
        "type": "COUPE BARBE",
        "crew_id": "684ae12942c189.56153227",
        "amount": 20,
        "date": "2025-06-13T10:13",
        "notes": "",
        "customer_name": "",
        "customer_phone": "",
        "customer_email": "",
        "added_by": "admin",
        "added_by_name": "admin",
        "created_at": "2025-06-13 11:55:36"
    },
    "22": {
        "id": "684bf9b895d864.42794353",
        "type": "Barbe",
        "crew_id": "684ae0dd37be06.94756449",
        "amount": 10,
        "date": "2025-06-13T12:12",
        "notes": "Client fidèle mohaned",
        "customer_name": "Rayen naoui",
        "customer_phone": "25228925",
        "customer_email": "",
        "added_by": "admin",
        "added_by_name": "admin",
        "created_at": "2025-06-13 12:13:12"
    },
    "24": {
        "id": "684c3155cd6f46.47401529",
        "type": "COUPE ENFANT",
        "crew_id": "684ae2127070a1.27531058",
        "amount": 15,
        "date": "2025-06-13T16:10",
        "notes": "",
        "customer_name": "",
        "customer_phone": "",
        "customer_email": "",
        "added_by": "admin",
        "added_by_name": "admin",
        "created_at": "2025-06-13 16:10:29"
    },
    "25": {
        "id": "684c344d102781.01584738",
        "type": "COUPE BARBE",
        "crew_id": "684ae1a5c98fb8.48230325",
        "amount": 20,
        "date": "2025-06-13T15:22",
        "notes": "",
        "customer_name": "",
        "customer_phone": "",
        "customer_email": "",
        "added_by": "admin",
        "added_by_name": "admin",
        "created_at": "2025-06-13 16:23:09"
    },
    "28": {
        "id": "684c6553406e50.00909645",
        "type": "Coupe barbe brushing",
        "crew_id": "684ae0dd37be06.94756449",
        "amount": 20,
        "date": "2025-06-13T19:02",
        "notes": "",
        "customer_name": "Passager",
        "customer_phone": "",
        "customer_email": "",
        "added_by": "admin",
        "added_by_name": "admin",
        "created_at": "2025-06-13 19:52:19"
    },
    "29": {
        "id": "684c806db98224.43002142",
        "type": "COUPE",
        "crew_id": "684ae0dd37be06.94756449",
        "amount": 15,
        "date": "2025-06-13T21:47",
        "notes": "",
        "customer_name": "",
        "customer_phone": "",
        "customer_email": "",
        "added_by": "admin",
        "added_by_name": "admin",
        "created_at": "2025-06-13 21:47:57"
    },
    "30": {
        "id": "684c80a24bb826.75538510",
        "type": "COUPE BARBE",
        "crew_id": "684ae12942c189.56153227",
        "amount": 20,
        "date": "2025-06-13T21:48",
        "notes": "",
        "customer_name": "",
        "customer_phone": "",
        "customer_email": "",
        "added_by": "admin",
        "added_by_name": "admin",
        "created_at": "2025-06-13 21:48:50"
    },
    "31": {
        "id": "684c80ca5fe069.60307044",
        "type": "COUPE BARBE",
        "crew_id": "684ae1a5c98fb8.48230325",
        "amount": 25,
        "date": "2025-06-13T21:48",
        "notes": "",
        "customer_name": "",
        "customer_phone": "",
        "customer_email": "",
        "added_by": "admin",
        "added_by_name": "admin",
        "created_at": "2025-06-13 21:49:30"
    },
    "32": {
        "id": "684d75c3dd1637.35224282",
        "type": "Coupe barbe brushing",
        "crew_id": "684ae0dd37be06.94756449",
        "amount": 25,
        "date": "2025-06-14T10:27",
        "notes": "",
        "customer_name": "",
        "customer_phone": "",
        "customer_email": "",
        "added_by": "crew",
        "added_by_name": "Mohaned bouzaien",
        "created_at": "2025-06-14 15:14:43"
    },
    "33": {
        "id": "684d799b72d406.58037735",
        "type": "COUPE BARBE",
        "crew_id": "684ae0dd37be06.94756449",
        "amount": 20,
        "date": "2025-06-14T15:30",
        "notes": "",
        "customer_name": "",
        "customer_phone": "",
        "customer_email": "",
        "added_by": "admin",
        "added_by_name": "admin",
        "created_at": "2025-06-14 15:31:07"
    },
    "34": {
        "id": "684d79ea52fe89.06732727",
        "type": "BRUSHING",
        "crew_id": "684ae12942c189.56153227",
        "amount": 8,
        "date": "2025-06-14T15:31",
        "notes": "",
        "customer_name": "DANEMARK",
        "customer_phone": "",
        "customer_email": "",
        "added_by": "admin",
        "added_by_name": "admin",
        "created_at": "2025-06-14 15:32:26"
    },
    "35": {
        "id": "684d7a7a6de0a8.55098991",
        "type": "Coupe barbe",
        "crew_id": "684ae12942c189.56153227",
        "amount": 20,
        "date": "2025-06-14T11:34",
        "notes": "",
        "customer_name": "",
        "customer_phone": "",
        "customer_email": "",
        "added_by": "admin",
        "added_by_name": "admin",
        "created_at": "2025-06-14 15:34:50"
    },
    "36": {
        "id": "684d7a9077c8d2.28121923",
        "type": "Coupe barbe",
        "crew_id": "684ae1a5c98fb8.48230325",
        "amount": 20,
        "date": "2025-06-14T15:34",
        "notes": "",
        "customer_name": "",
        "customer_phone": "",
        "customer_email": "",
        "added_by": "admin",
        "added_by_name": "admin",
        "created_at": "2025-06-14 15:35:12"
    },
    "37": {
        "id": "684d7aa83ad146.96534133",
        "type": "Coupe barbe",
        "crew_id": "684ae1a5c98fb8.48230325",
        "amount": 20,
        "date": "2025-06-14T15:35",
        "notes": "",
        "customer_name": "",
        "customer_phone": "",
        "customer_email": "",
        "added_by": "admin",
        "added_by_name": "admin",
        "created_at": "2025-06-14 15:35:36"
    },
    "39": {
        "id": "684d85b04e6c85.21483251",
        "type": "Brushing shampoing",
        "crew_id": "684ae2127070a1.27531058",
        "amount": 15,
        "date": "2025-06-14T16:21",
        "notes": "",
        "customer_name": "Imen chaouech",
        "customer_phone": "21060338",
        "customer_email": "",
        "added_by": "admin",
        "added_by_name": "admin",
        "created_at": "2025-06-14 16:22:40"
    },
    "40": {
        "id": "684da998931dd7.66760572",
        "type": "Coupe barbe",
        "crew_id": "684ae1a5c98fb8.48230325",
        "amount": 20,
        "date": "2025-06-14T18:55",
        "notes": "Client fidèle",
        "customer_name": "Hichem garaoui",
        "customer_phone": "54708516",
        "customer_email": "",
        "added_by": "admin",
        "added_by_name": "admin",
        "created_at": "2025-06-14 18:55:52"
    },
    "41": {
        "id": "684daaa7ae1194.56221234",
        "type": "Soin de visage",
        "crew_id": "684daa3b252e44.15516497",
        "amount": 70,
        "date": "2025-06-14T18:58",
        "notes": "",
        "customer_name": "Hichem garaoui",
        "customer_phone": "54708516",
        "customer_email": "",
        "added_by": "admin",
        "added_by_name": "admin",
        "created_at": "2025-06-14 19:00:23"
    },
    "42": {
        "id": "684daf37c37225.89248734",
        "type": "Protéine",
        "crew_id": "684ae2127070a1.27531058",
        "amount": 130,
        "date": "2025-06-14T19:17",
        "notes": "Client fidèle passage le 14 juin protéine",
        "customer_name": "Hosni brigui",
        "customer_phone": "23464125",
        "customer_email": "",
        "added_by": "admin",
        "added_by_name": "admin",
        "created_at": "2025-06-14 19:19:51"
    },
    "43": {
        "id": "684dcbdcdb15c0.02369698",
        "type": "Coupe barbe brushing",
        "crew_id": "684ae12942c189.56153227",
        "amount": 20,
        "date": "2025-06-14T21:21",
        "notes": "",
        "customer_name": "Ali saadouni",
        "customer_phone": "22411974",
        "customer_email": "",
        "added_by": "admin",
        "added_by_name": "admin",
        "created_at": "2025-06-14 21:22:04"
    },
    "44": {
        "id": "684dd24c199517.99880489",
        "type": "Coupe protéine brushing",
        "crew_id": "684ae1a5c98fb8.48230325",
        "amount": 120,
        "date": "2025-06-14T20:40",
        "notes": "Client fidèle protéine le 14 juin 2025",
        "customer_name": "Mokhless belhaj",
        "customer_phone": "21309451",
        "customer_email": "",
        "added_by": "admin",
        "added_by_name": "admin",
        "created_at": "2025-06-14 21:49:32"
    },
    "45": {
        "id": "684dd335f05eb3.35828815",
        "type": "Coupe barbe brushing",
        "crew_id": "684ae0dd37be06.94756449",
        "amount": 25,
        "date": "2025-06-14T16:32",
        "notes": "",
        "customer_name": "",
        "customer_phone": "",
        "customer_email": "",
        "added_by": "admin",
        "added_by_name": "admin",
        "created_at": "2025-06-14 21:53:25"
    },
    "46": {
        "id": "684dd3548e2984.69067299",
        "type": "Coupe",
        "crew_id": "684ae0dd37be06.94756449",
        "amount": 13,
        "date": "2025-06-14T18:02",
        "notes": "",
        "customer_name": "",
        "customer_phone": "",
        "customer_email": "",
        "added_by": "admin",
        "added_by_name": "admin",
        "created_at": "2025-06-14 21:53:56"
    },
    "47": {
        "id": "684dd38eaed5b4.28464306",
        "type": "Coupe barbe brushing mask",
        "crew_id": "684ae0dd37be06.94756449",
        "amount": 30,
        "date": "2025-06-14T19:21",
        "notes": "",
        "customer_name": "",
        "customer_phone": "",
        "customer_email": "",
        "added_by": "admin",
        "added_by_name": "admin",
        "created_at": "2025-06-14 21:54:54"
    },
    "48": {
        "id": "684dd3a8703387.54696273",
        "type": "Brushing",
        "crew_id": "684ae0dd37be06.94756449",
        "amount": 10,
        "date": "2025-06-14T21:17",
        "notes": "",
        "customer_name": "",
        "customer_phone": "",
        "customer_email": "",
        "added_by": "admin",
        "added_by_name": "admin",
        "created_at": "2025-06-14 21:55:20"
    },
    "49": {
        "id": "684dd46cce8479.12735947",
        "type": "Coupe barbe",
        "crew_id": "684ae12942c189.56153227",
        "amount": 20,
        "date": "2025-06-14T17:56",
        "notes": "",
        "customer_name": "",
        "customer_phone": "",
        "customer_email": "",
        "added_by": "admin",
        "added_by_name": "admin",
        "created_at": "2025-06-14 21:58:36"
    },
    "50": {
        "id": "684dd49187b553.65792470",
        "type": "Coupe barbe",
        "crew_id": "684ae12942c189.56153227",
        "amount": 20,
        "date": "2025-06-14T21:58",
        "notes": "",
        "customer_name": "",
        "customer_phone": "",
        "customer_email": "",
        "added_by": "admin",
        "added_by_name": "admin",
        "created_at": "2025-06-14 21:59:13"
    },
    "51": {
        "id": "684dd536c5c0f6.61963274",
        "type": "Brushing wavy",
        "crew_id": "684ae2127070a1.27531058",
        "amount": 20,
        "date": "2025-06-14T19:51",
        "notes": "",
        "customer_name": "",
        "customer_phone": "",
        "customer_email": "",
        "added_by": "admin",
        "added_by_name": "admin",
        "created_at": "2025-06-14 22:01:58"
    },
    "52": {
        "id": "684ddc7a5185c1.78506611",
        "type": "Coupe",
        "crew_id": "684ae0dd37be06.94756449",
        "amount": 20,
        "date": "2025-06-14T22:32",
        "notes": "",
        "customer_name": "",
        "customer_phone": "",
        "customer_email": "",
        "added_by": "admin",
        "added_by_name": "admin",
        "created_at": "2025-06-14 22:32:58"
    },
    "53": {
        "id": "684ddc8e32cc93.18446967",
        "type": "Barbe",
        "crew_id": "684ae0dd37be06.94756449",
        "amount": 10,
        "date": "2025-06-14T22:32",
        "notes": "",
        "customer_name": "",
        "customer_phone": "",
        "customer_email": "",
        "added_by": "admin",
        "added_by_name": "admin",
        "created_at": "2025-06-14 22:33:18"
    },
    "54": {
        "id": "684eb618f37b58.69277242",
        "type": "Coupe",
        "crew_id": "684ae0dd37be06.94756449",
        "amount": 91,
        "date": "2025-06-01T08:44",
        "notes": "",
        "customer_name": "",
        "customer_phone": "",
        "customer_email": "",
        "added_by": "admin",
        "added_by_name": "admin",
        "created_at": "2025-06-15 14:01:28"
    },
    "55": {
        "id": "684eb63a19b020.51977371",
        "type": "Coupe",
        "crew_id": "684ae12942c189.56153227",
        "amount": 47,
        "date": "2025-06-01T14:01",
        "notes": "",
        "customer_name": "",
        "customer_phone": "",
        "customer_email": "",
        "added_by": "admin",
        "added_by_name": "admin",
        "created_at": "2025-06-15 14:02:02"
    },
    "56": {
        "id": "684eb72c7812c6.96574346",
        "type": "Coupe",
        "crew_id": "684ae12942c189.56153227",
        "amount": 105,
        "date": "2025-06-02T14:02",
        "notes": "",
        "customer_name": "",
        "customer_phone": "",
        "customer_email": "",
        "added_by": "admin",
        "added_by_name": "admin",
        "created_at": "2025-06-15 14:06:04"
    },
    "57": {
        "id": "684eb77db49cd7.94938770",
        "type": "Coupe",
        "crew_id": "684ae2127070a1.27531058",
        "amount": 45,
        "date": "2025-06-02T14:06",
        "notes": "",
        "customer_name": "",
        "customer_phone": "",
        "customer_email": "",
        "added_by": "admin",
        "added_by_name": "admin",
        "created_at": "2025-06-15 14:07:25"
    },
    "58": {
        "id": "684eb7a303f1e4.93173251",
        "type": "Coupe",
        "crew_id": "684ae0dd37be06.94756449",
        "amount": 100,
        "date": "2025-06-03T14:07",
        "notes": "",
        "customer_name": "",
        "customer_phone": "",
        "customer_email": "",
        "added_by": "admin",
        "added_by_name": "admin",
        "created_at": "2025-06-15 14:08:03"
    },
    "59": {
        "id": "684eb7c73f8f04.29721977",
        "type": "Coupe",
        "crew_id": "684ae12942c189.56153227",
        "amount": 95,
        "date": "2025-06-04T12:08",
        "notes": "",
        "customer_name": "",
        "customer_phone": "",
        "customer_email": "",
        "added_by": "admin",
        "added_by_name": "admin",
        "created_at": "2025-06-15 14:08:39"
    },
    "60": {
        "id": "684eb7d98dd2f6.15312647",
        "type": "Coupe",
        "crew_id": "684ae0dd37be06.94756449",
        "amount": 211,
        "date": "2025-06-04T14:08",
        "notes": "",
        "customer_name": "",
        "customer_phone": "",
        "customer_email": "",
        "added_by": "admin",
        "added_by_name": "admin",
        "created_at": "2025-06-15 14:08:57"
    },
    "61": {
        "id": "684eb816822347.69025662",
        "type": "Coupe",
        "crew_id": "684ae12942c189.56153227",
        "amount": 190,
        "date": "2025-06-05T14:08",
        "notes": "",
        "customer_name": "",
        "customer_phone": "",
        "customer_email": "",
        "added_by": "admin",
        "added_by_name": "admin",
        "created_at": "2025-06-15 14:09:58"
    },
    "62": {
        "id": "684eb8315abd85.71369125",
        "type": "Brushing",
        "crew_id": "684ae2127070a1.27531058",
        "amount": 10,
        "date": "2025-06-05T14:09",
        "notes": "",
        "customer_name": "",
        "customer_phone": "",
        "customer_email": "",
        "added_by": "admin",
        "added_by_name": "admin",
        "created_at": "2025-06-15 14:10:25"
    },
    "63": {
        "id": "684eb8845e7b40.42096189",
        "type": "Coupe",
        "crew_id": "684ae12942c189.56153227",
        "amount": 230,
        "date": "2025-06-07T14:11",
        "notes": "",
        "customer_name": "",
        "customer_phone": "",
        "customer_email": "",
        "added_by": "admin",
        "added_by_name": "admin",
        "created_at": "2025-06-15 14:11:48"
    },
    "64": {
        "id": "684eb8a82b6f68.77352424",
        "type": "Coupe",
        "crew_id": "684ae0dd37be06.94756449",
        "amount": 205,
        "date": "2025-06-08T14:11",
        "notes": "",
        "customer_name": "",
        "customer_phone": "",
        "customer_email": "",
        "added_by": "admin",
        "added_by_name": "admin",
        "created_at": "2025-06-15 14:12:24"
    },
    "65": {
        "id": "684eb8beed75f6.85563272",
        "type": "Coupe",
        "crew_id": "684ae12942c189.56153227",
        "amount": 165,
        "date": "2025-06-08T14:12",
        "notes": "",
        "customer_name": "",
        "customer_phone": "",
        "customer_email": "",
        "added_by": "admin",
        "added_by_name": "admin",
        "created_at": "2025-06-15 14:12:46"
    },
    "66": {
        "id": "684eb908031244.81996416",
        "type": "Coupe",
        "crew_id": "684ae0dd37be06.94756449",
        "amount": 245,
        "date": "2025-06-09T14:12",
        "notes": "",
        "customer_name": "",
        "customer_phone": "",
        "customer_email": "",
        "added_by": "admin",
        "added_by_name": "admin",
        "created_at": "2025-06-15 14:14:00"
    },
    "67": {
        "id": "684eb9386f9190.62747599",
        "type": "Coupe",
        "crew_id": "684ae12942c189.56153227",
        "amount": 220,
        "date": "2025-06-09T14:14",
        "notes": "",
        "customer_name": "",
        "customer_phone": "",
        "customer_email": "",
        "added_by": "admin",
        "added_by_name": "admin",
        "created_at": "2025-06-15 14:14:48"
    },
    "68": {
        "id": "684eb957e373a7.56664794",
        "type": "Coupe",
        "crew_id": "684ae0dd37be06.94756449",
        "amount": 110,
        "date": "2025-06-10T14:14",
        "notes": "",
        "customer_name": "",
        "customer_phone": "",
        "customer_email": "",
        "added_by": "admin",
        "added_by_name": "admin",
        "created_at": "2025-06-15 14:15:19"
    },
    "69": {
        "id": "684eb967b9aac2.75677832",
        "type": "Coupe",
        "crew_id": "684ae12942c189.56153227",
        "amount": 90,
        "date": "2025-06-10T14:15",
        "notes": "",
        "customer_name": "",
        "customer_phone": "",
        "customer_email": "",
        "added_by": "admin",
        "added_by_name": "admin",
        "created_at": "2025-06-15 14:15:35"
    },
    "70": {
        "id": "684eb9b21e0995.14762932",
        "type": "Coupe",
        "crew_id": "684ae0dd37be06.94756449",
        "amount": 113,
        "date": "2025-06-11T14:15",
        "notes": "",
        "customer_name": "",
        "customer_phone": "",
        "customer_email": "",
        "added_by": "admin",
        "added_by_name": "admin",
        "created_at": "2025-06-15 14:16:50"
    },
    "71": {
        "id": "684ebb32b3e404.15087771",
        "type": "Coloration",
        "crew_id": "684ebaf43cf312.43069723",
        "amount": 150,
        "date": "2025-06-11T14:22",
        "notes": "",
        "customer_name": "",
        "customer_phone": "",
        "customer_email": "",
        "added_by": "admin",
        "added_by_name": "admin",
        "created_at": "2025-06-15 14:23:14"
    },
    "72": {
        "id": "684ebcb5887408.78700634",
        "type": "Brushing",
        "crew_id": "684ae2127070a1.27531058",
        "amount": 33,
        "date": "2025-06-04T14:28",
        "notes": "",
        "customer_name": "",
        "customer_phone": "",
        "customer_email": "",
        "added_by": "admin",
        "added_by_name": "admin",
        "created_at": "2025-06-15 14:29:41"
    },
    "74": {
        "id": "684ebd507e4a55.70184852",
        "type": "Coupe",
        "crew_id": "684ae1a5c98fb8.48230325",
        "amount": 20,
        "date": "2025-06-05T14:31",
        "notes": "",
        "customer_name": "",
        "customer_phone": "",
        "customer_email": "",
        "added_by": "admin",
        "added_by_name": "admin",
        "created_at": "2025-06-15 14:32:16"
    },
    "75": {
        "id": "684ebe3990b905.29089794",
        "type": "Coupe",
        "crew_id": "684ae2127070a1.27531058",
        "amount": 15,
        "date": "2025-06-13T14:35",
        "notes": "",
        "customer_name": "",
        "customer_phone": "",
        "customer_email": "",
        "added_by": "admin",
        "added_by_name": "admin",
        "created_at": "2025-06-15 14:36:09"
    },
    "76": {
        "id": "684ebf7848dbb5.99144494",
        "type": "Coupe barbe",
        "crew_id": "684ae0dd37be06.94756449",
        "amount": 20,
        "date": "2025-06-15T09:42",
        "notes": "",
        "customer_name": "",
        "customer_phone": "",
        "customer_email": "",
        "added_by": "admin",
        "added_by_name": "admin",
        "created_at": "2025-06-15 14:41:28"
    },
    "77": {
        "id": "684ebf93bbb618.99785612",
        "type": "Brushing",
        "crew_id": "684ae0dd37be06.94756449",
        "amount": 10,
        "date": "2025-06-15T13:20",
        "notes": "",
        "customer_name": "",
        "customer_phone": "",
        "customer_email": "",
        "added_by": "admin",
        "added_by_name": "admin",
        "created_at": "2025-06-15 14:41:55"
    },
    "78": {
        "id": "684ebfad50b122.73138919",
        "type": "Coupe",
        "crew_id": "684ae12942c189.56153227",
        "amount": 15,
        "date": "2025-06-15T12:01",
        "notes": "",
        "customer_name": "",
        "customer_phone": "",
        "customer_email": "",
        "added_by": "admin",
        "added_by_name": "admin",
        "created_at": "2025-06-15 14:42:21"
    },
    "79": {
        "id": "684ebfd449d300.23120666",
        "type": "Barbe",
        "crew_id": "684ae12942c189.56153227",
        "amount": 10,
        "date": "2025-06-15T13:10",
        "notes": "",
        "customer_name": "",
        "customer_phone": "",
        "customer_email": "",
        "added_by": "admin",
        "added_by_name": "admin",
        "created_at": "2025-06-15 14:43:00"
    },
    "80": {
        "id": "684ebfed5bce05.29913713",
        "type": "Coupe barbe",
        "crew_id": "684ae1a5c98fb8.48230325",
        "amount": 25,
        "date": "2025-06-15T14:06",
        "notes": "",
        "customer_name": "",
        "customer_phone": "",
        "customer_email": "",
        "added_by": "admin",
        "added_by_name": "admin",
        "created_at": "2025-06-15 14:43:25"
    },
    "81": {
        "id": "684ec41a650e18.07755508",
        "type": "Coupe barbe",
        "crew_id": "684ae0dd37be06.94756449",
        "amount": 20,
        "date": "2025-06-15T14:00",
        "notes": "Client fidèle animateur",
        "customer_name": "",
        "customer_phone": "",
        "customer_email": "",
        "added_by": "admin",
        "added_by_name": "admin",
        "created_at": "2025-06-15 15:01:14"
    },
    "82": {
        "id": "684ec93c9c1374.07626498",
        "type": "Brushing",
        "crew_id": "684ae2127070a1.27531058",
        "amount": 10,
        "date": "2025-06-15T14:22",
        "notes": "",
        "customer_name": "Nawress gridene",
        "customer_phone": "21380500",
        "customer_email": "",
        "added_by": "admin",
        "added_by_name": "admin",
        "created_at": "2025-06-15 15:23:08"
    },
    "83": {
        "id": "684f1bab39a603.45976479",
        "type": "Coupe avec brushing",
        "crew_id": "684ae12942c189.56153227",
        "amount": 20,
        "date": "2025-06-15T20:13",
        "notes": "Nice service",
        "customer_name": "Passages",
        "customer_phone": "",
        "customer_email": "",
        "added_by": "crew",
        "added_by_name": "Seifeddine karchoud",
        "created_at": "2025-06-15 21:14:51"
    },
    "84": {
        "id": "684ff2b00ca7c9.31615936",
        "type": "Coupe",
        "crew_id": "684ae12942c189.56153227",
        "amount": 20,
        "date": "2025-06-16T11:32",
        "notes": "Perfecto 👌",
        "customer_name": "Passages",
        "customer_phone": "",
        "customer_email": "",
        "added_by": "crew",
        "added_by_name": "Seifeddine karchoud",
        "created_at": "2025-06-16 12:32:16"
    },
    "85": {
        "id": "684ff7e1976298.53199902",
        "type": "Coupe",
        "crew_id": "684ae0dd37be06.94756449",
        "amount": 15,
        "date": "2025-06-15T15:51",
        "notes": "",
        "customer_name": "",
        "customer_phone": "",
        "customer_email": "",
        "added_by": "admin",
        "added_by_name": "admin",
        "created_at": "2025-06-16 12:54:25"
    },
    "86": {
        "id": "684ff82edcb8c3.29641497",
        "type": "Coupe barbe",
        "crew_id": "684ae0dd37be06.94756449",
        "amount": 20,
        "date": "2025-06-15T16:54",
        "notes": "",
        "customer_name": "",
        "customer_phone": "",
        "customer_email": "",
        "added_by": "admin",
        "added_by_name": "admin",
        "created_at": "2025-06-16 12:55:42"
    },
    "87": {
        "id": "684ff87233efd7.57802916",
        "type": "Brushing",
        "crew_id": "684ae0dd37be06.94756449",
        "amount": 5,
        "date": "2025-06-15T17:40",
        "notes": "",
        "customer_name": "",
        "customer_phone": "",
        "customer_email": "",
        "added_by": "admin",
        "added_by_name": "admin",
        "created_at": "2025-06-16 12:56:50"
    },
    "88": {
        "id": "684ff8986f7982.08378820",
        "type": "Brushing",
        "crew_id": "684ae0dd37be06.94756449",
        "amount": 10,
        "date": "2025-06-15T20:51",
        "notes": "",
        "customer_name": "",
        "customer_phone": "",
        "customer_email": "",
        "added_by": "admin",
        "added_by_name": "admin",
        "created_at": "2025-06-16 12:57:28"
    },
    "91": {
        "id": "684ff9cd0e75e9.93475036",
        "type": "Coupe barbe",
        "crew_id": "684ae1a5c98fb8.48230325",
        "amount": 20,
        "date": "2025-06-16T12:02",
        "notes": "",
        "customer_name": "",
        "customer_phone": "",
        "customer_email": "",
        "added_by": "crew",
        "added_by_name": "Hatem zaidi",
        "created_at": "2025-06-16 13:02:37"
    },
    "92": {
        "id": "684ffa732faf20.48415256",
        "type": "Coupe barbe",
        "crew_id": "684ae1a5c98fb8.48230325",
        "amount": 20,
        "date": "2025-06-15T15:04",
        "notes": "",
        "customer_name": "",
        "customer_phone": "",
        "customer_email": "",
        "added_by": "admin",
        "added_by_name": "admin",
        "created_at": "2025-06-16 13:05:23"
    },
    "93": {
        "id": "685001fcac3139.73082120",
        "type": "Coupe",
        "crew_id": "684ae12942c189.56153227",
        "amount": 20,
        "date": "2025-06-16T12:30",
        "notes": "",
        "customer_name": "Passages",
        "customer_phone": "",
        "customer_email": "",
        "added_by": "crew",
        "added_by_name": "Seifeddine karchoud",
        "created_at": "2025-06-16 13:37:32"
    },
    "94": {
        "id": "685018183e2c95.00293033",
        "type": "Coupe barbe",
        "crew_id": "684ae1a5c98fb8.48230325",
        "amount": 25,
        "date": "2025-06-16T14:10",
        "notes": "",
        "customer_name": "",
        "customer_phone": "",
        "customer_email": "",
        "added_by": "crew",
        "added_by_name": "Hatem zaidi",
        "created_at": "2025-06-16 15:11:52"
    },
    "95": {
        "id": "685020f8b68369.33966311",
        "type": "Coupe brushing",
        "crew_id": "684ae12942c189.56153227",
        "amount": 20,
        "date": "2025-06-16T14:48",
        "notes": "Client fidèle seif",
        "customer_name": "Mohamed harzali",
        "customer_phone": "55146455",
        "customer_email": "",
        "added_by": "crew",
        "added_by_name": "Seifeddine karchoud",
        "created_at": "2025-06-16 15:49:44"
    },
    "96": {
        "id": "68503d7a155a88.68909722",
        "type": "Coupe barber brushing",
        "crew_id": "684ae12942c189.56153227",
        "amount": 25,
        "date": "2025-06-16T16:50",
        "notes": "",
        "customer_name": "",
        "customer_phone": "",
        "customer_email": "",
        "added_by": "crew",
        "added_by_name": "Seifeddine karchoud",
        "created_at": "2025-06-16 17:51:22"
    },
    "97": {
        "id": "685049c04e8f90.04121991",
        "type": "Coupe barber brushing",
        "crew_id": "684ae12942c189.56153227",
        "amount": 20,
        "date": "2025-06-16T17:43",
        "notes": "Client fidèle pour moi",
        "customer_name": "",
        "customer_phone": "",
        "customer_email": "",
        "added_by": "crew",
        "added_by_name": "Seifeddine karchoud",
        "created_at": "2025-06-16 18:43:44"
    },
    "98": {
        "id": "685076cd0c87d0.45562313",
        "type": "Brushing",
        "crew_id": "684ae0dd37be06.94756449",
        "amount": 10,
        "date": "2025-06-16T20:00",
        "notes": "",
        "customer_name": "Anwar khalfa",
        "customer_phone": "50399072",
        "customer_email": "",
        "added_by": "admin",
        "added_by_name": "admin",
        "created_at": "2025-06-16 21:55:57"
    },
    "99": {
        "id": "68507952d8f495.84214654",
        "type": "Coupe barbe",
        "crew_id": "684ae12942c189.56153227",
        "amount": 20,
        "date": "2025-06-16T21:06",
        "notes": "",
        "customer_name": "",
        "customer_phone": "",
        "customer_email": "",
        "added_by": "admin",
        "added_by_name": "admin",
        "created_at": "2025-06-16 22:06:42"
    },
    "100": {
        "id": "68507972bd7f75.61939133",
        "type": "Coupe",
        "crew_id": "684ae12942c189.56153227",
        "amount": 15,
        "date": "2025-06-16T21:06",
        "notes": "",
        "customer_name": "",
        "customer_phone": "",
        "customer_email": "",
        "added_by": "admin",
        "added_by_name": "admin",
        "created_at": "2025-06-16 22:07:14"
    },
    "101": {
        "id": "685083e678b767.49208888",
        "type": "Coupe barbe",
        "crew_id": "684ae12942c189.56153227",
        "amount": 20,
        "date": "2025-06-16T22:50",
        "notes": "",
        "customer_name": "",
        "customer_phone": "",
        "customer_email": "",
        "added_by": "admin",
        "added_by_name": "admin",
        "created_at": "2025-06-16 22:51:50"
    },
    "102": {
        "id": "685134c8d69ae3.64285829",
        "type": "Coupe barbe brushing",
        "crew_id": "684ae1a5c98fb8.48230325",
        "amount": 20,
        "date": "2025-06-17T11:24",
        "notes": "",
        "customer_name": "Khalil Hfatyedh",
        "customer_phone": "20320504",
        "customer_email": "",
        "added_by": "crew",
        "added_by_name": "Hatem zaidi",
        "created_at": "2025-06-17 11:26:32"
    },
    "103": {
        "id": "685150eb7e5871.97920598",
        "type": "Coupe barbe",
        "crew_id": "684ae1a5c98fb8.48230325",
        "amount": 25,
        "date": "2025-06-17T12:25",
        "notes": "",
        "customer_name": "",
        "customer_phone": "",
        "customer_email": "",
        "added_by": "crew",
        "added_by_name": "Hatem zaidi",
        "created_at": "2025-06-17 13:26:35"
    },
    "104": {
        "id": "68517e06d37536.34155312",
        "type": "Coupe barbe",
        "crew_id": "684ae1a5c98fb8.48230325",
        "amount": 25,
        "date": "2025-06-17T16:37",
        "notes": "",
        "customer_name": "",
        "customer_phone": "",
        "customer_email": "",
        "added_by": "crew",
        "added_by_name": "Hatem zaidi",
        "created_at": "2025-06-17 16:39:02"
    },
    "105": {
        "id": "6851878dce8a45.48338113",
        "type": "Coupe+broshing",
        "crew_id": "684ae0dd37be06.94756449",
        "amount": 20,
        "date": "2025-06-17T16:18",
        "notes": "",
        "customer_name": "Passager",
        "customer_phone": "",
        "customer_email": "",
        "added_by": "crew",
        "added_by_name": "Mohaned bouzaien",
        "created_at": "2025-06-17 17:19:41"
    },
    "106": {
        "id": "685187e824b3e6.35180153",
        "type": "Coupe + wax",
        "crew_id": "684ae0dd37be06.94756449",
        "amount": 25,
        "date": "2025-06-17T17:19",
        "notes": "",
        "customer_name": "Passager",
        "customer_phone": "",
        "customer_email": "",
        "added_by": "crew",
        "added_by_name": "Mohaned bouzaien",
        "created_at": "2025-06-17 17:21:12"
    },
    "107": {
        "id": "68518af10f4551.60460041",
        "type": "Brushing",
        "crew_id": "684ae0dd37be06.94756449",
        "amount": 8,
        "date": "2025-06-17T17:33",
        "notes": "",
        "customer_name": "Hedi ajmi",
        "customer_phone": "",
        "customer_email": "",
        "added_by": "crew",
        "added_by_name": "Mohaned bouzaien",
        "created_at": "2025-06-17 17:34:09"
    },
    "108": {
        "id": "685193d8a92cc9.24851241",
        "type": "Coupe",
        "crew_id": "684ae0dd37be06.94756449",
        "amount": 20,
        "date": "2025-06-17T18:11",
        "notes": "",
        "customer_name": "Passager",
        "customer_phone": "",
        "customer_email": "",
        "added_by": "crew",
        "added_by_name": "Mohaned bouzaien",
        "created_at": "2025-06-17 18:12:08"
    },
    "109": {
        "id": "68519e6724e144.83081606",
        "type": "Barbe brushing",
        "crew_id": "684ae0dd37be06.94756449",
        "amount": 15,
        "date": "2025-06-17T18:56",
        "notes": "Client fidèle",
        "customer_name": "",
        "customer_phone": "",
        "customer_email": "",
        "added_by": "crew",
        "added_by_name": "Mohaned bouzaien",
        "created_at": "2025-06-17 18:57:11"
    },
    "110": {
        "id": "6851a03d2fae59.95536049",
        "type": "Coupe enfant",
        "crew_id": "684ae1a5c98fb8.48230325",
        "amount": 10,
        "date": "2025-06-17T18:04",
        "notes": "",
        "customer_name": "",
        "customer_phone": "",
        "customer_email": "",
        "added_by": "crew",
        "added_by_name": "Hatem zaidi",
        "created_at": "2025-06-17 19:05:01"
    },
    "111": {
        "id": "6851a7fd996ff2.97100345",
        "type": "Coupe",
        "crew_id": "684ae1a5c98fb8.48230325",
        "amount": 15,
        "date": "2025-06-17T18:37",
        "notes": "",
        "customer_name": "",
        "customer_phone": "",
        "customer_email": "",
        "added_by": "crew",
        "added_by_name": "Hatem zaidi",
        "created_at": "2025-06-17 19:38:05"
    },
    "112": {
        "id": "6851b7740c70e4.24452604",
        "type": "Coupe enfant",
        "crew_id": "684ae1a5c98fb8.48230325",
        "amount": 10,
        "date": "2025-06-17T19:43",
        "notes": "",
        "customer_name": "",
        "customer_phone": "",
        "customer_email": "",
        "added_by": "crew",
        "added_by_name": "Hatem zaidi",
        "created_at": "2025-06-17 20:44:04"
    },
    "113": {
        "id": "6851c1f9f01e55.37930961",
        "type": "Coupe barbe",
        "crew_id": "684ae0dd37be06.94756449",
        "amount": 20,
        "date": "2025-06-17T21:28",
        "notes": "Client",
        "customer_name": "Tejdin hagui",
        "customer_phone": "",
        "customer_email": "",
        "added_by": "crew",
        "added_by_name": "Mohaned bouzaien",
        "created_at": "2025-06-17 21:28:57"
    },
    "114": {
        "id": "6851c646c5ba73.72411961",
        "type": "Barbe +tour de cheveux",
        "crew_id": "684ae0dd37be06.94756449",
        "amount": 15,
        "date": "2025-06-17T21:28",
        "notes": "",
        "customer_name": "Passager",
        "customer_phone": "",
        "customer_email": "",
        "added_by": "crew",
        "added_by_name": "Mohaned bouzaien",
        "created_at": "2025-06-17 21:47:18"
    },
    "115": {
        "id": "6852a74acd4b19.67285489",
        "type": "Barber masque",
        "crew_id": "684ae12942c189.56153227",
        "amount": 15,
        "date": "2025-06-18T12:50",
        "notes": "",
        "customer_name": "",
        "customer_phone": "",
        "customer_email": "",
        "added_by": "crew",
        "added_by_name": "Seifeddine karchoud",
        "created_at": "2025-06-18 13:47:22"
    },
    "116": {
        "id": "6852b1f3e80326.36060522",
        "type": "Coupe barbe",
        "crew_id": "684ae12942c189.56153227",
        "amount": 20,
        "date": "2025-06-18T14:32",
        "notes": "",
        "customer_name": "Oubayed",
        "customer_phone": "22022289",
        "customer_email": "",
        "added_by": "admin",
        "added_by_name": "admin",
        "created_at": "2025-06-18 14:32:51"
    },
    "117": {
        "id": "6852b3dd507185.23531864",
        "type": "Coupé barbe",
        "crew_id": "684ae0dd37be06.94756449",
        "amount": 20,
        "date": "2025-06-18T14:40",
        "notes": "Clue fidèle",
        "customer_name": "Yassine platinum",
        "customer_phone": "",
        "customer_email": "",
        "added_by": "crew",
        "added_by_name": "Mohaned bouzaien",
        "created_at": "2025-06-18 14:41:01"
    },
    "118": {
        "id": "6852e673795e40.67956675",
        "type": "Coupe barbe",
        "crew_id": "684ae1a5c98fb8.48230325",
        "amount": 20,
        "date": "2025-06-17T17:16",
        "notes": "",
        "customer_name": "",
        "customer_phone": "",
        "customer_email": "",
        "added_by": "crew",
        "added_by_name": "Hatem zaidi",
        "created_at": "2025-06-18 18:16:51"
    },
    "119": {
        "id": "6852eb03a3ca11.33629586",
        "type": "Coupe +barbe",
        "crew_id": "684ae0dd37be06.94756449",
        "amount": 15,
        "date": "2025-06-18T18:35",
        "notes": "Client fidèle",
        "customer_name": "Abdou city watch",
        "customer_phone": "",
        "customer_email": "",
        "added_by": "crew",
        "added_by_name": "Mohaned bouzaien",
        "created_at": "2025-06-18 18:36:19"
    }
}