[
    {
        "id": "6837499b10c176.74355324",
        "crew_id": "6837416e5d2929.01722472",
        "period_start": "2025-04-01",
        "period_end": "2025-04-30",
        "base_salary": 800,
        "work_revenue": 2415,
        "bonus_percentage": 10,
        "bonus_threshold": 2000,
        "eligible_bonus": 415,
        "bonus_amount": 41.5,
        "remaining_salary": 800,
        "advances_deducted": 0,
        "net_payment": 841.5,
        "notes": "Hello",
        "payment_date": "2025-05-28",
        "created_at": "2025-05-28 19:36:27"
    },
    {
        "id": "683749a8675078.50401971",
        "crew_id": "6837416e5d2929.01722472",
        "period_start": "2025-04-01",
        "period_end": "2025-04-30",
        "base_salary": 800,
        "work_revenue": 2415,
        "bonus_percentage": 10,
        "bonus_threshold": 2000,
        "eligible_bonus": 415,
        "bonus_amount": 41.5,
        "remaining_salary": 800,
        "advances_deducted": 0,
        "net_payment": 841.5,
        "notes": "Hello",
        "payment_date": "2025-05-28",
        "created_at": "2025-05-28 19:36:40"
    },
    {
        "id": "685292a4333843.25714218",
        "crew_id": "6837416e5d2929.01722472",
        "period_start": "2025-02-01",
        "period_end": "2025-02-28",
        "base_salary": 800,
        "work_revenue": 0,
        "bonus_percentage": 10,
        "bonus_threshold": 2000,
        "eligible_bonus": 0,
        "bonus_amount": 0,
        "remaining_salary": 800,
        "advances_deducted": 0,
        "net_payment": 800,
        "notes": "tttt",
        "payment_date": "2025-06-18",
        "created_at": "2025-06-18 12:19:16"
    },
    {
        "id": "685293d9b0fb00.54053278",
        "crew_id": "6837416e5d2929.01722472",
        "period_start": "2024-09-01",
        "period_end": "2024-09-30",
        "base_salary": 800,
        "work_revenue": 0,
        "bonus_percentage": 10,
        "bonus_threshold": 2000,
        "eligible_bonus": 0,
        "bonus_amount": 0,
        "remaining_salary": 800,
        "advances_deducted": 0,
        "net_payment": 800,
        "notes": "YY",
        "payment_date": "2025-06-18",
        "created_at": "2025-06-18 12:24:25"
    }
]