{
    "1": {
        "id": "684b2c348d8513.78930180",
        "crew_id": "684ae0dd37be06.94756449",
        "amount": 10,
        "reason": "RNE REGISTRE",
        "date": "2025-06-12T21:34",
        "status": "pending",
        "created_at": "2025-06-12 21:36:20"
    },
    "2": {
        "id": "684b2fa40a84b7.20489564",
        "crew_id": "684ae2127070a1.27531058",
        "amount": 50,
        "reason": "PERSONNEL",
        "date": "2025-06-12T21:50",
        "status": "pending",
        "created_at": "2025-06-12 21:51:00"
    },
    "3": {
        "id": "684c7fcd038d80.14438373",
        "crew_id": "684ae1a5c98fb8.48230325",
        "amount": 15,
        "reason": "PERSONNEL",
        "date": "2025-06-13T21:44",
        "status": "pending",
        "created_at": "2025-06-13 21:45:17"
    },
    "4": {
        "id": "684c7fe6c148a3.73105032",
        "crew_id": "684ae12942c189.56153227",
        "amount": 20,
        "reason": "PERSONNEL",
        "date": "2025-06-13T21:45",
        "status": "pending",
        "created_at": "2025-06-13 21:45:42"
    },
    "5": {
        "id": "684ddf39335838.35420111",
        "crew_id": "684ae2127070a1.27531058",
        "amount": 30,
        "reason": "PERSONNEL",
        "date": "2025-06-14T22:44",
        "status": "pending",
        "created_at": "2025-06-14 22:44:41"
    },
    "6": {
        "id": "684ddfc6d820f8.95958289",
        "crew_id": "684ae12942c189.56153227",
        "amount": 10,
        "reason": "PERSONNEL",
        "date": "2025-06-14T22:46",
        "status": "pending",
        "created_at": "2025-06-14 22:47:02"
    },
    "7": {
        "id": "6851f17574cb14.76456901",
        "crew_id": "684ae2127070a1.27531058",
        "amount": 100,
        "reason": "PERSONNEL DENTISTE",
        "date": "2025-06-18T23:50",
        "status": "pending",
        "created_at": "2025-06-18 00:51:33"
    },
    "8": {
        "id": "6851f1906cc132.43763931",
        "crew_id": "684ae2127070a1.27531058",
        "amount": 100,
        "reason": "PERSONNEL DENTISTE",
        "date": "2025-06-18T00:51",
        "status": "pending",
        "created_at": "2025-06-18 00:52:00"
    }
}