{
    "0": {
        "id": "684ae3a24a5337.12703865",
        "type": "divers",
        "crew_id": "",
        "amount": 20,
        "description": "Placo buanderie",
        "date": "2025-06-12",
        "created_at": "2025-06-12 16:26:42"
    },
    "2": {
        "id": "684b2fa40ae759.95161049",
        "type": "Avance - Hanen mbarki",
        "amount": 50,
        "date": "2025-06-12T21:50",
        "description": "Avance: PERSONNEL",
        "category": "Salaires et Avances",
        "created_at": "2025-06-12 21:51:00",
        "crew_id": "684ae2127070a1.27531058",
        "advance_id": "684b2fa40a84b7.20489564"
    },
    "3": {
        "id": "684c7fb100e964.73272184",
        "type": "divers",
        "crew_id": "",
        "amount": 40,
        "description": "CAFÉ 36 DINARS ET 4 EAU",
        "date": "2025-06-13",
        "created_at": "2025-06-13 21:44:49"
    },
    "4": {
        "id": "684c7fcd03f8b1.58481937",
        "type": "Avance - Hatem zaidi",
        "amount": 15,
        "date": "2025-06-13T21:44",
        "description": "Avance: PERSONNEL",
        "category": "Salaires et Avances",
        "created_at": "2025-06-13 21:45:17",
        "crew_id": "684ae1a5c98fb8.48230325",
        "advance_id": "684c7fcd038d80.14438373"
    },
    "5": {
        "id": "684c7fe6c1c626.20482532",
        "type": "Avance - Seifeddine karchoud",
        "amount": 20,
        "date": "2025-06-13T21:45",
        "description": "Avance: PERSONNEL",
        "category": "Salaires et Avances",
        "created_at": "2025-06-13 21:45:42",
        "crew_id": "684ae12942c189.56153227",
        "advance_id": "684c7fe6c148a3.73105032"
    },
    "6": {
        "id": "684dd8078f5330.92927198",
        "type": "divers",
        "crew_id": "",
        "amount": 47,
        "description": "Produits de nettoyage et machine à laver sol choc et etc....",
        "date": "2025-06-14",
        "created_at": "2025-06-14 22:13:59"
    },
    "7": {
        "id": "684dd86627fa57.54650319",
        "type": "divers",
        "crew_id": "",
        "amount": 173,
        "description": "Produits salon ciseaux cire crème cheveux lac cheveux x 4 lame Gillette etc...",
        "date": "2025-06-14",
        "created_at": "2025-06-14 22:15:34"
    },
    "8": {
        "id": "684dd88071a751.51275909",
        "type": "divers",
        "crew_id": "",
        "amount": 12,
        "description": "Bkhour",
        "date": "2025-06-14",
        "created_at": "2025-06-14 22:16:00"
    },
    "9": {
        "id": "684dd8c4df1574.26161733",
        "type": "divers",
        "crew_id": "",
        "amount": 70,
        "description": "Protéine dose + shampoing et mask fixateur",
        "date": "2025-06-14",
        "created_at": "2025-06-14 22:17:08"
    },
    "10": {
        "id": "684dd91ee8a424.74689206",
        "type": "divers",
        "crew_id": "",
        "amount": 11.5,
        "description": "Taxi 🚕 8 de slim centre sousse ville \r\nTaxi 🚕  3.5 produits de nettoyage",
        "date": "2025-06-14",
        "created_at": "2025-06-14 22:18:38"
    },
    "11": {
        "id": "684dd942481e23.20437672",
        "type": "divers",
        "crew_id": "",
        "amount": 5,
        "description": "Eau minérale",
        "date": "2025-06-14",
        "created_at": "2025-06-14 22:19:14"
    },
    "12": {
        "id": "684dd95d951480.28493019",
        "type": "divers",
        "crew_id": "",
        "amount": 20,
        "description": "Extra ines soin client",
        "date": "2025-06-14",
        "created_at": "2025-06-14 22:19:41"
    },
    "13": {
        "id": "684ddf3933bc37.89908014",
        "type": "Avance - Hanen mbarki",
        "amount": 30,
        "date": "2025-06-14T22:44",
        "description": "Avance: PERSONNEL",
        "category": "Salaires et Avances",
        "created_at": "2025-06-14 22:44:41",
        "crew_id": "684ae2127070a1.27531058",
        "advance_id": "684ddf39335838.35420111"
    },
    "14": {
        "id": "684ddfc6d89c47.05765710",
        "type": "Avance - Seifeddine karchoud",
        "amount": 10,
        "date": "2025-06-14T22:46",
        "description": "Avance: PERSONNEL",
        "category": "Salaires et Avances",
        "created_at": "2025-06-14 22:47:02",
        "crew_id": "684ae12942c189.56153227",
        "advance_id": "684ddfc6d820f8.95958289"
    },
    "15": {
        "id": "684ec0a98a1474.36672356",
        "type": "divers",
        "crew_id": "",
        "amount": 50,
        "description": "Avance lotfi",
        "date": "2025-06-01",
        "created_at": "2025-06-15 14:46:33"
    },
    "16": {
        "id": "68504fb2db2908.66697039",
        "type": "divers",
        "crew_id": "",
        "amount": 20,
        "description": "Avance farid",
        "date": "2025-06-01",
        "created_at": "2025-06-16 19:09:06"
    },
    "17": {
        "id": "685050045eae40.77501845",
        "type": "divers",
        "crew_id": "",
        "amount": 55,
        "description": "Réparation levier buanderie",
        "date": "2025-06-04",
        "created_at": "2025-06-16 19:10:28"
    },
    "18": {
        "id": "68505033cc6a84.49302332",
        "type": "divers",
        "crew_id": "",
        "amount": 47,
        "description": "Lampe extérieure + tournevis test",
        "date": "2025-06-04",
        "created_at": "2025-06-16 19:11:15"
    },
    "19": {
        "id": "6850504a723178.01966139",
        "type": "divers",
        "crew_id": "",
        "amount": 7,
        "description": "Taxi 🚕 🚖",
        "date": "2025-06-04",
        "created_at": "2025-06-16 19:11:38"
    },
    "20": {
        "id": "685050618cff92.50632283",
        "type": "divers",
        "crew_id": "",
        "amount": 3,
        "description": "Eau minérale",
        "date": "2025-06-04",
        "created_at": "2025-06-16 19:12:01"
    },
    "21": {
        "id": "68505088697663.28665004",
        "type": "divers",
        "crew_id": "",
        "amount": 2,
        "description": "Eau minérale",
        "date": "2025-06-05",
        "created_at": "2025-06-16 19:12:40"
    },
    "22": {
        "id": "685050a1b14075.94178448",
        "type": "divers",
        "crew_id": "",
        "amount": 80,
        "description": "Avance lotfi",
        "date": "2025-06-05",
        "created_at": "2025-06-16 19:13:05"
    },
    "24": {
        "id": "6850511a759829.83788581",
        "type": "divers",
        "crew_id": "",
        "amount": 9,
        "description": "2 eau 5 colle tag 10\r\n2 dinars taxi 🚕",
        "date": "2025-06-08",
        "created_at": "2025-06-16 19:15:06"
    },
    "25": {
        "id": "6850515407a6e0.70401610",
        "type": "divers",
        "crew_id": "",
        "amount": 47.8,
        "description": "Avance lotfi pharmacie + tabac",
        "date": "2025-06-08",
        "created_at": "2025-06-16 19:16:04"
    },
    "26": {
        "id": "68505192ecb1e2.89293701",
        "type": "divers",
        "crew_id": "",
        "amount": 14,
        "description": "Lave glace vitrine salon\r\n4 eau",
        "date": "2025-06-09",
        "created_at": "2025-06-16 19:17:06"
    },
    "27": {
        "id": "685051a86a0915.30862102",
        "type": "divers",
        "crew_id": "",
        "amount": 10,
        "description": "Avance lotfi",
        "date": "2025-06-09",
        "created_at": "2025-06-16 19:17:28"
    },
    "28": {
        "id": "685051e2203842.01421518",
        "type": "divers",
        "crew_id": "",
        "amount": 567,
        "description": "Chaudiere + remplacement plombier",
        "date": "2025-06-10",
        "created_at": "2025-06-16 19:18:26"
    },
    "29": {
        "id": "685051f41e3946.50824171",
        "type": "divers",
        "crew_id": "",
        "amount": 50,
        "description": "Avance lotfi",
        "date": "2025-06-10",
        "created_at": "2025-06-16 19:18:44"
    },
    "30": {
        "id": "6850520ba71152.93458868",
        "type": "divers",
        "crew_id": "",
        "amount": 5,
        "description": "Avance stagiaire",
        "date": "2025-06-10",
        "created_at": "2025-06-16 19:19:07"
    },
    "31": {
        "id": "68505266526858.61371976",
        "type": "divers",
        "crew_id": "",
        "amount": 23.5,
        "description": "Papier toilette + parfumerie",
        "date": "2025-06-11",
        "created_at": "2025-06-16 19:20:38"
    },
    "32": {
        "id": "685052701d22e1.42036203",
        "type": "divers",
        "crew_id": "",
        "amount": 20,
        "description": "Avance lotfi",
        "date": "2025-06-16",
        "created_at": "2025-06-16 19:20:48"
    },
    "33": {
        "id": "68505299f2f370.14053168",
        "type": "divers",
        "crew_id": "",
        "amount": 20,
        "description": "Avance lotfi",
        "date": "2025-06-11",
        "created_at": "2025-06-16 19:21:29"
    },
    "34": {
        "id": "685052c5d5df58.83183073",
        "type": "divers",
        "crew_id": "",
        "amount": 20,
        "description": "Placo plâtre",
        "date": "2025-06-12",
        "created_at": "2025-06-16 19:22:13"
    },
    "35": {
        "id": "685052d5cff908.19417580",
        "type": "divers",
        "crew_id": "",
        "amount": 30,
        "description": "Avance lotfi",
        "date": "2025-06-12",
        "created_at": "2025-06-16 19:22:29"
    },
    "36": {
        "id": "68505341ae1cd1.01272336",
        "type": "divers",
        "crew_id": "",
        "amount": 22,
        "description": "Avance lotfi",
        "date": "2025-06-13",
        "created_at": "2025-06-16 19:24:17"
    },
    "37": {
        "id": "6851f175753d32.12562336",
        "type": "Avance - Hanen mbarki",
        "amount": 100,
        "date": "2025-06-18T23:50",
        "description": "Avance: PERSONNEL DENTISTE",
        "category": "Salaires et Avances",
        "created_at": "2025-06-18 00:51:33",
        "crew_id": "684ae2127070a1.27531058",
        "advance_id": "6851f17574cb14.76456901"
    },
    "39": {
        "id": "685280953f6c84.11551691",
        "type": "divers",
        "crew_id": "",
        "amount": 52.5,
        "description": "Facture tunisie telecom",
        "date": "2025-06-18",
        "created_at": "2025-06-18 11:02:13"
    },
    "40": {
        "id": "685280ae52cf93.53681726",
        "type": "divers",
        "crew_id": "",
        "amount": 6,
        "description": "Taxi 🚕 vers tunisie telecom",
        "date": "2025-06-18",
        "created_at": "2025-06-18 11:02:38"
    },
    "41": {
        "id": "6852d99576de84.58231579",
        "type": "divers",
        "crew_id": "",
        "amount": 37,
        "description": "Chargeur pc hp \r\nFacture n° : 25125296",
        "date": "2025-06-18",
        "created_at": "2025-06-18 17:21:57"
    }
}