[
    {
        "id": "work_001",
        "type": "Coupe + Barbe",
        "crew_id": "6837416e5d2929.01722472",
        "amount": 45,
        "date": "2025-04-02 09:30:00",
        "notes": "Client régulier",
        "customer_name": "Ahmed Ben Ali",
        "customer_phone": "+216 98 123 456",
        "customer_email": "",
        "added_by": "admin",
        "added_by_name": "Administrateur",
        "created_at": "2025-04-02 09:30:00"
    },
    {
        "id": "work_002",
        "type": "Coupe moderne",
        "crew_id": "6837416e5d2929.01722472",
        "amount": 35,
        "date": "2025-04-02 14:15:00",
        "notes": "",
        "customer_name": "Sami Trabelsi",
        "customer_phone": "+216 22 987 654",
        "customer_email": "",
        "added_by": "admin",
        "added_by_name": "Administrateur",
        "created_at": "2025-04-02 14:15:00"
    },
    {
        "id": "work_003",
        "type": "Brushing",
        "crew_id": "683741f7bb8af2.18218834",
        "amount": 25,
        "date": "2025-04-02 10:00:00",
        "notes": "Première visite",
        "customer_name": "Mariem Zorgati",
        "customer_phone": "+216 55 271 616",
        "customer_email": "",
        "added_by": "admin",
        "added_by_name": "Administrateur",
        "created_at": "2025-04-02 10:00:00"
    },
    {
        "id": "work_004",
        "type": "Coloration + Coupe",
        "crew_id": "683741f7bb8af2.18218834",
        "amount": 120,
        "date": "2025-04-03 11:30:00",
        "notes": "Coloration châtain",
        "customer_name": "Leila Gharbi",
        "customer_phone": "+216 26 445 778",
        "customer_email": "leila.gharbi@email.com",
        "added_by": "admin",
        "added_by_name": "Administrateur",
        "created_at": "2025-04-03 11:30:00"
    },
    {
        "id": "work_005",
        "type": "Coupe + Shampooing",
        "crew_id": "6837416e5d2929.01722472",
        "amount": 40,
        "date": "2025-04-05 16:00:00",
        "notes": "",
        "customer_name": "Karim Bouaziz",
        "customer_phone": "+216 98 556 789",
        "customer_email": "",
        "added_by": "admin",
        "added_by_name": "Administrateur",
        "created_at": "2025-04-05 16:00:00"
    },
    {
        "id": "work_006",
        "type": "Mise en plis",
        "crew_id": "683741f7bb8af2.18218834",
        "amount": 35,
        "date": "2025-04-05 09:45:00",
        "notes": "Pour mariage",
        "customer_name": "Fatma Hajji",
        "customer_phone": "+216 24 667 892",
        "customer_email": "",
        "added_by": "admin",
        "added_by_name": "Administrateur",
        "created_at": "2025-04-05 09:45:00"
    },
    {
        "id": "work_007",
        "type": "Barbe seule",
        "crew_id": "6837416e5d2929.01722472",
        "amount": 20,
        "date": "2025-04-07 13:20:00",
        "notes": "",
        "customer_name": "Youssef Mejri",
        "customer_phone": "+216 52 334 556",
        "customer_email": "",
        "added_by": "admin",
        "added_by_name": "Administrateur",
        "created_at": "2025-04-07 13:20:00"
    },
    {
        "id": "work_008",
        "type": "Coiffure de soirée",
        "crew_id": "683741f7bb8af2.18218834",
        "amount": 80,
        "date": "2025-04-08 17:30:00",
        "notes": "Très élaborée",
        "customer_name": "Sonia Khelifi",
        "customer_phone": "+216 28 779 001",
        "customer_email": "sonia.k@email.com",
        "added_by": "admin",
        "added_by_name": "Administrateur",
        "created_at": "2025-04-08 17:30:00"
    },
    {
        "id": "work_009",
        "type": "Coupe enfant",
        "crew_id": "6837416e5d2929.01722472",
        "amount": 25,
        "date": "2025-04-10 15:00:00",
        "notes": "Très sage",
        "customer_name": "Adam Riahi",
        "customer_phone": "+216 97 882 334",
        "customer_email": "",
        "added_by": "admin",
        "added_by_name": "Administrateur",
        "created_at": "2025-04-10 15:00:00"
    },
    {
        "id": "work_010",
        "type": "Défrisage",
        "crew_id": "683741f7bb8af2.18218834",
        "amount": 90,
        "date": "2025-04-12 10:15:00",
        "notes": "Traitement complet",
        "customer_name": "Nadia Sammoud",
        "customer_phone": "+216 29 445 667",
        "customer_email": "",
        "added_by": "admin",
        "added_by_name": "Administrateur",
        "created_at": "2025-04-12 10:15:00"
    },
    {
        "id": "work_011",
        "type": "Coupe + Barbe + Shampooing",
        "crew_id": "6837416e5d2929.01722472",
        "amount": 55,
        "date": "2025-04-15 11:45:00",
        "notes": "Service complet",
        "customer_name": "Mehdi Nasri",
        "customer_phone": "+216 56 778 990",
        "customer_email": "",
        "added_by": "admin",
        "added_by_name": "Administrateur",
        "created_at": "2025-04-15 11:45:00"
    },
    {
        "id": "work_012",
        "type": "Balayage",
        "crew_id": "683741f7bb8af2.18218834",
        "amount": 100,
        "date": "2025-04-16 14:00:00",
        "notes": "Technique moderne",
        "customer_name": "Ines Bouslama",
        "customer_phone": "+216 23 556 889",
        "customer_email": "ines.bouslama@email.com",
        "added_by": "admin",
        "added_by_name": "Administrateur",
        "created_at": "2025-04-16 14:00:00"
    },
    {
        "id": "work_013",
        "type": "Coupe moderne",
        "crew_id": "6837416e5d2929.01722472",
        "amount": 35,
        "date": "2025-04-18 16:30:00",
        "notes": "",
        "customer_name": "Wassim Tlili",
        "customer_phone": "+216 94 223 445",
        "customer_email": "",
        "added_by": "admin",
        "added_by_name": "Administrateur",
        "created_at": "2025-04-18 16:30:00"
    },
    {
        "id": "work_014",
        "type": "Coupe + Brushing",
        "crew_id": "683741f7bb8af2.18218834",
        "amount": 45,
        "date": "2025-04-19 09:15:00",
        "notes": "",
        "customer_name": "Salma Jedidi",
        "customer_phone": "+216 25 667 778",
        "customer_email": "",
        "added_by": "admin",
        "added_by_name": "Administrateur",
        "created_at": "2025-04-19 09:15:00"
    },
    {
        "id": "work_015",
        "type": "Rasage traditionnel",
        "crew_id": "6837416e5d2929.01722472",
        "amount": 30,
        "date": "2025-04-22 10:00:00",
        "notes": "À l'ancienne",
        "customer_name": "Hedi Mansouri",
        "customer_phone": "+216 99 334 556",
        "customer_email": "",
        "added_by": "admin",
        "added_by_name": "Administrateur",
        "created_at": "2025-04-22 10:00:00"
    },
    {
        "id": "work_016",
        "type": "Permanente",
        "crew_id": "683741f7bb8af2.18218834",
        "amount": 85,
        "date": "2025-04-23 13:45:00",
        "notes": "Boucles moyennes",
        "customer_name": "Rim Abidi",
        "customer_phone": "+216 27 889 112",
        "customer_email": "",
        "added_by": "admin",
        "added_by_name": "Administrateur",
        "created_at": "2025-04-23 13:45:00"
    },
    {
        "id": "work_017",
        "type": "Coupe + Barbe",
        "crew_id": "6837416e5d2929.01722472",
        "amount": 45,
        "date": "2025-04-25 15:20:00",
        "notes": "",
        "customer_name": "Tarek Souissi",
        "customer_phone": "+216 58 445 667",
        "customer_email": "",
        "added_by": "admin",
        "added_by_name": "Administrateur",
        "created_at": "2025-04-25 15:20:00"
    },
    {
        "id": "work_018",
        "type": "Mèches",
        "crew_id": "683741f7bb8af2.18218834",
        "amount": 75,
        "date": "2025-04-26 11:00:00",
        "notes": "Blond doré",
        "customer_name": "Emna Dridi",
        "customer_phone": "+216 24 556 889",
        "customer_email": "",
        "added_by": "admin",
        "added_by_name": "Administrateur",
        "created_at": "2025-04-26 11:00:00"
    },
    {
        "id": "work_019",
        "type": "Coupe dégradée",
        "crew_id": "6837416e5d2929.01722472",
        "amount": 40,
        "date": "2025-04-28 14:30:00",
        "notes": "Style moderne",
        "customer_name": "Bilel Cherni",
        "customer_phone": "+216 95 778 990",
        "customer_email": "",
        "added_by": "admin",
        "added_by_name": "Administrateur",
        "created_at": "2025-04-28 14:30:00"
    },
    {
        "id": "work_020",
        "type": "Lissage brésilien",
        "crew_id": "683741f7bb8af2.18218834",
        "amount": 150,
        "date": "2025-04-29 10:30:00",
        "notes": "Traitement 3h",
        "customer_name": "Yasmine Karoui",
        "customer_phone": "+216 26 889 223",
        "customer_email": "yasmine.k@email.com",
        "added_by": "admin",
        "added_by_name": "Administrateur",
        "created_at": "2025-04-29 10:30:00"
    },
    {
        "id": "work_021",
        "type": "Coupe + Barbe",
        "crew_id": "6837416e5d2929.01722472",
        "amount": 45,
        "date": "2025-04-03 10:30:00",
        "notes": "",
        "customer_name": "Farid Zouari",
        "customer_phone": "+216 98 445 667",
        "customer_email": "",
        "added_by": "admin",
        "added_by_name": "Administrateur",
        "created_at": "2025-04-03 10:30:00"
    },
    {
        "id": "work_022",
        "type": "Coupe moderne",
        "crew_id": "6837416e5d2929.01722472",
        "amount": 35,
        "date": "2025-04-04 14:00:00",
        "notes": "",
        "customer_name": "Slim Bouraoui",
        "customer_phone": "+216 22 556 778",
        "customer_email": "",
        "added_by": "admin",
        "added_by_name": "Administrateur",
        "created_at": "2025-04-04 14:00:00"
    },
    {
        "id": "work_023",
        "type": "Coupe + Shampooing",
        "crew_id": "6837416e5d2929.01722472",
        "amount": 40,
        "date": "2025-04-06 11:15:00",
        "notes": "",
        "customer_name": "Nader Hakim",
        "customer_phone": "+216 97 223 445",
        "customer_email": "",
        "added_by": "admin",
        "added_by_name": "Administrateur",
        "created_at": "2025-04-06 11:15:00"
    },
    {
        "id": "work_024",
        "type": "Barbe seule",
        "crew_id": "6837416e5d2929.01722472",
        "amount": 20,
        "date": "2025-04-08 16:45:00",
        "notes": "",
        "customer_name": "Amin Sellami",
        "customer_phone": "+216 55 667 889",
        "customer_email": "",
        "added_by": "admin",
        "added_by_name": "Administrateur",
        "created_at": "2025-04-08 16:45:00"
    },
    {
        "id": "work_025",
        "type": "Coupe + Barbe + Shampooing",
        "crew_id": "6837416e5d2929.01722472",
        "amount": 55,
        "date": "2025-04-09 09:00:00",
        "notes": "Service complet",
        "customer_name": "Rami Khaled",
        "customer_phone": "+216 23 445 667",
        "customer_email": "",
        "added_by": "admin",
        "added_by_name": "Administrateur",
        "created_at": "2025-04-09 09:00:00"
    },
    {
        "id": "work_026",
        "type": "Rasage traditionnel",
        "crew_id": "6837416e5d2929.01722472",
        "amount": 30,
        "date": "2025-04-11 13:30:00",
        "notes": "",
        "customer_name": "Zied Makni",
        "customer_phone": "+216 94 556 778",
        "customer_email": "",
        "added_by": "admin",
        "added_by_name": "Administrateur",
        "created_at": "2025-04-11 13:30:00"
    },
    {
        "id": "work_027",
        "type": "Coupe moderne",
        "crew_id": "6837416e5d2929.01722472",
        "amount": 35,
        "date": "2025-04-13 15:15:00",
        "notes": "",
        "customer_name": "Maher Belhaj",
        "customer_phone": "+216 26 778 990",
        "customer_email": "",
        "added_by": "admin",
        "added_by_name": "Administrateur",
        "created_at": "2025-04-13 15:15:00"
    },
    {
        "id": "work_028",
        "type": "Coupe + Barbe",
        "crew_id": "6837416e5d2929.01722472",
        "amount": 45,
        "date": "2025-04-14 10:45:00",
        "notes": "",
        "customer_name": "Issam Triki",
        "customer_phone": "+216 58 889 112",
        "customer_email": "",
        "added_by": "admin",
        "added_by_name": "Administrateur",
        "created_at": "2025-04-14 10:45:00"
    },
    {
        "id": "work_029",
        "type": "Coupe enfant",
        "crew_id": "6837416e5d2929.01722472",
        "amount": 25,
        "date": "2025-04-16 16:00:00",
        "notes": "",
        "customer_name": "Yassine Riahi",
        "customer_phone": "+216 29 334 556",
        "customer_email": "",
        "added_by": "admin",
        "added_by_name": "Administrateur",
        "created_at": "2025-04-16 16:00:00"
    },
    {
        "id": "work_030",
        "type": "Coupe + Shampooing",
        "crew_id": "6837416e5d2929.01722472",
        "amount": 40,
        "date": "2025-04-17 12:30:00",
        "notes": "",
        "customer_name": "Omar Jaziri",
        "customer_phone": "+216 95 445 667",
        "customer_email": "",
        "added_by": "admin",
        "added_by_name": "Administrateur",
        "created_at": "2025-04-17 12:30:00"
    },
    {
        "id": "work_031",
        "type": "Barbe seule",
        "crew_id": "6837416e5d2929.01722472",
        "amount": 20,
        "date": "2025-04-19 14:15:00",
        "notes": "",
        "customer_name": "Saber Ouali",
        "customer_phone": "+216 24 667 889",
        "customer_email": "",
        "added_by": "admin",
        "added_by_name": "Administrateur",
        "created_at": "2025-04-19 14:15:00"
    },
    {
        "id": "work_032",
        "type": "Coupe + Barbe",
        "crew_id": "6837416e5d2929.01722472",
        "amount": 45,
        "date": "2025-04-20 11:00:00",
        "notes": "",
        "customer_name": "Khalil Sassi",
        "customer_phone": "+216 56 778 990",
        "customer_email": "",
        "added_by": "admin",
        "added_by_name": "Administrateur",
        "created_at": "2025-04-20 11:00:00"
    },
    {
        "id": "work_033",
        "type": "Coupe moderne",
        "crew_id": "6837416e5d2929.01722472",
        "amount": 35,
        "date": "2025-04-21 15:45:00",
        "notes": "",
        "customer_name": "Hichem Nouri",
        "customer_phone": "+216 28 556 778",
        "customer_email": "",
        "added_by": "admin",
        "added_by_name": "Administrateur",
        "created_at": "2025-04-21 15:45:00"
    },
    {
        "id": "work_034",
        "type": "Coupe + Shampooing",
        "crew_id": "6837416e5d2929.01722472",
        "amount": 40,
        "date": "2025-04-23 09:30:00",
        "notes": "",
        "customer_name": "Chokri Miled",
        "customer_phone": "+216 97 889 112",
        "customer_email": "",
        "added_by": "admin",
        "added_by_name": "Administrateur",
        "created_at": "2025-04-23 09:30:00"
    },
    {
        "id": "work_035",
        "type": "Rasage traditionnel",
        "crew_id": "6837416e5d2929.01722472",
        "amount": 30,
        "date": "2025-04-24 13:00:00",
        "notes": "",
        "customer_name": "Montassar Ben Salem",
        "customer_phone": "+216 23 445 667",
        "customer_email": "",
        "added_by": "admin",
        "added_by_name": "Administrateur",
        "created_at": "2025-04-24 13:00:00"
    },
    {
        "id": "work_036",
        "type": "Coupe + Barbe",
        "crew_id": "6837416e5d2929.01722472",
        "amount": 45,
        "date": "2025-04-26 16:30:00",
        "notes": "",
        "customer_name": "Skander Bouali",
        "customer_phone": "+216 55 667 889",
        "customer_email": "",
        "added_by": "admin",
        "added_by_name": "Administrateur",
        "created_at": "2025-04-26 16:30:00"
    },
    {
        "id": "work_037",
        "type": "Coupe moderne",
        "crew_id": "6837416e5d2929.01722472",
        "amount": 35,
        "date": "2025-04-27 10:15:00",
        "notes": "",
        "customer_name": "Aymen Karray",
        "customer_phone": "+216 94 223 445",
        "customer_email": "",
        "added_by": "admin",
        "added_by_name": "Administrateur",
        "created_at": "2025-04-27 10:15:00"
    },
    {
        "id": "work_038",
        "type": "Coupe + Shampooing",
        "crew_id": "6837416e5d2929.01722472",
        "amount": 40,
        "date": "2025-04-30 14:45:00",
        "notes": "",
        "customer_name": "Walid Jemaa",
        "customer_phone": "+216 26 556 778",
        "customer_email": "",
        "added_by": "admin",
        "added_by_name": "Administrateur",
        "created_at": "2025-04-30 14:45:00"
    },
    {
        "id": "work_039",
        "type": "Brushing",
        "crew_id": "683741f7bb8af2.18218834",
        "amount": 25,
        "date": "2025-04-03 15:30:00",
        "notes": "",
        "customer_name": "Nour Hamdi",
        "customer_phone": "+216 25 445 667",
        "customer_email": "",
        "added_by": "admin",
        "added_by_name": "Administrateur",
        "created_at": "2025-04-03 15:30:00"
    },
    {
        "id": "work_040",
        "type": "Coupe + Brushing",
        "crew_id": "683741f7bb8af2.18218834",
        "amount": 45,
        "date": "2025-04-04 11:00:00",
        "notes": "",
        "customer_name": "Amira Chebbi",
        "customer_phone": "+216 58 778 990",
        "customer_email": "",
        "added_by": "admin",
        "added_by_name": "Administrateur",
        "created_at": "2025-04-04 11:00:00"
    },
    {
        "id": "work_041",
        "type": "Coloration",
        "crew_id": "683741f7bb8af2.18218834",
        "amount": 80,
        "date": "2025-04-06 14:15:00",
        "notes": "Châtain clair",
        "customer_name": "Sihem Barka",
        "customer_phone": "+216 29 667 889",
        "customer_email": "",
        "added_by": "admin",
        "added_by_name": "Administrateur",
        "created_at": "2025-04-06 14:15:00"
    },
    {
        "id": "work_042",
        "type": "Mise en plis",
        "crew_id": "683741f7bb8af2.18218834",
        "amount": 35,
        "date": "2025-04-07 10:45:00",
        "notes": "",
        "customer_name": "Wafa Sellami",
        "customer_phone": "+216 94 556 778",
        "customer_email": "",
        "added_by": "admin",
        "added_by_name": "Administrateur",
        "created_at": "2025-04-07 10:45:00"
    },
    {
        "id": "work_043",
        "type": "Brushing",
        "crew_id": "683741f7bb8af2.18218834",
        "amount": 25,
        "date": "2025-04-09 16:00:00",
        "notes": "",
        "customer_name": "Meriem Bouaziz",
        "customer_phone": "+216 23 889 112",
        "customer_email": "",
        "added_by": "admin",
        "added_by_name": "Administrateur",
        "created_at": "2025-04-09 16:00:00"
    },
    {
        "id": "work_044",
        "type": "Coiffure de soirée",
        "crew_id": "683741f7bb8af2.18218834",
        "amount": 80,
        "date": "2025-04-10 17:30:00",
        "notes": "Chignon élégant",
        "customer_name": "Dorra Mahmoudi",
        "customer_phone": "+216 56 445 667",
        "customer_email": "",
        "added_by": "admin",
        "added_by_name": "Administrateur",
        "created_at": "2025-04-10 17:30:00"
    },
    {
        "id": "work_045",
        "type": "Mèches",
        "crew_id": "683741f7bb8af2.18218834",
        "amount": 75,
        "date": "2025-04-11 13:15:00",
        "notes": "Caramel",
        "customer_name": "Radhia Zahra",
        "customer_phone": "+216 28 667 889",
        "customer_email": "",
        "added_by": "admin",
        "added_by_name": "Administrateur",
        "created_at": "2025-04-11 13:15:00"
    },
    {
        "id": "work_046",
        "type": "Coupe + Brushing",
        "crew_id": "683741f7bb8af2.18218834",
        "amount": 45,
        "date": "2025-04-13 09:45:00",
        "notes": "",
        "customer_name": "Ahlem Jouini",
        "customer_phone": "+216 97 223 445",
        "customer_email": "",
        "added_by": "admin",
        "added_by_name": "Administrateur",
        "created_at": "2025-04-13 09:45:00"
    },
    {
        "id": "work_047",
        "type": "Défrisage",
        "crew_id": "683741f7bb8af2.18218834",
        "amount": 90,
        "date": "2025-04-14 11:30:00",
        "notes": "",
        "customer_name": "Olfa Brahem",
        "customer_phone": "+216 25 556 778",
        "customer_email": "",
        "added_by": "admin",
        "added_by_name": "Administrateur",
        "created_at": "2025-04-14 11:30:00"
    },
    {
        "id": "work_048",
        "type": "Brushing",
        "crew_id": "683741f7bb8af2.18218834",
        "amount": 25,
        "date": "2025-04-15 15:00:00",
        "notes": "",
        "customer_name": "Nouha Ghanmi",
        "customer_phone": "+216 55 778 990",
        "customer_email": "",
        "added_by": "admin",
        "added_by_name": "Administrateur",
        "created_at": "2025-04-15 15:00:00"
    },
    {
        "id": "work_049",
        "type": "Coloration + Coupe",
        "crew_id": "683741f7bb8af2.18218834",
        "amount": 120,
        "date": "2025-04-17 10:00:00",
        "notes": "Blond vénitien",
        "customer_name": "Sabrine Khelil",
        "customer_phone": "+216 24 889 112",
        "customer_email": "",
        "added_by": "admin",
        "added_by_name": "Administrateur",
        "created_at": "2025-04-17 10:00:00"
    },
    {
        "id": "work_050",
        "type": "Permanente",
        "crew_id": "683741f7bb8af2.18218834",
        "amount": 85,
        "date": "2025-04-18 14:30:00",
        "notes": "Boucles larges",
        "customer_name": "Hayfa Bouden",
        "customer_phone": "+216 56 445 667",
        "customer_email": "",
        "added_by": "admin",
        "added_by_name": "Administrateur",
        "created_at": "2025-04-18 14:30:00"
    },
    {
        "id": "work_051",
        "type": "Mise en plis",
        "crew_id": "683741f7bb8af2.18218834",
        "amount": 35,
        "date": "2025-04-20 16:15:00",
        "notes": "",
        "customer_name": "Lamia Chaouch",
        "customer_phone": "+216 29 667 889",
        "customer_email": "",
        "added_by": "admin",
        "added_by_name": "Administrateur",
        "created_at": "2025-04-20 16:15:00"
    },
    {
        "id": "work_052",
        "type": "Balayage",
        "crew_id": "683741f7bb8af2.18218834",
        "amount": 100,
        "date": "2025-04-21 11:45:00",
        "notes": "Technique ombré",
        "customer_name": "Jihene Souissi",
        "customer_phone": "+216 94 223 445",
        "customer_email": "",
        "added_by": "admin",
        "added_by_name": "Administrateur",
        "created_at": "2025-04-21 11:45:00"
    },
    {
        "id": "work_053",
        "type": "Coupe + Brushing",
        "crew_id": "683741f7bb8af2.18218834",
        "amount": 45,
        "date": "2025-04-22 13:00:00",
        "notes": "",
        "customer_name": "Rania Maamouri",
        "customer_phone": "+216 28 556 778",
        "customer_email": "",
        "added_by": "admin",
        "added_by_name": "Administrateur",
        "created_at": "2025-04-22 13:00:00"
    },
    {
        "id": "work_054",
        "type": "Coiffure de soirée",
        "crew_id": "683741f7bb8af2.18218834",
        "amount": 80,
        "date": "2025-04-24 17:00:00",
        "notes": "Tresse couronne",
        "customer_name": "Manal Dridi",
        "customer_phone": "+216 97 889 112",
        "customer_email": "",
        "added_by": "admin",
        "added_by_name": "Administrateur",
        "created_at": "2025-04-24 17:00:00"
    },
    {
        "id": "work_055",
        "type": "Mèches",
        "crew_id": "683741f7bb8af2.18218834",
        "amount": 75,
        "date": "2025-04-25 10:30:00",
        "notes": "Reflets dorés",
        "customer_name": "Sarra Belhassen",
        "customer_phone": "+216 25 445 667",
        "customer_email": "",
        "added_by": "admin",
        "added_by_name": "Administrateur",
        "created_at": "2025-04-25 10:30:00"
    },
    {
        "id": "work_056",
        "type": "Brushing",
        "crew_id": "683741f7bb8af2.18218834",
        "amount": 25,
        "date": "2025-04-27 14:45:00",
        "notes": "",
        "customer_name": "Farah Slim",
        "customer_phone": "+216 58 667 889",
        "customer_email": "",
        "added_by": "admin",
        "added_by_name": "Administrateur",
        "created_at": "2025-04-27 14:45:00"
    },
    {
        "id": "work_057",
        "type": "Lissage",
        "crew_id": "683741f7bb8af2.18218834",
        "amount": 110,
        "date": "2025-04-28 11:15:00",
        "notes": "Lissage japonais",
        "customer_name": "Imen Kacem",
        "customer_phone": "+216 24 778 990",
        "customer_email": "",
        "added_by": "admin",
        "added_by_name": "Administrateur",
        "created_at": "2025-04-28 11:15:00"
    },
    {
        "id": "work_058",
        "type": "Coupe + Brushing",
        "crew_id": "683741f7bb8af2.18218834",
        "amount": 45,
        "date": "2025-04-30 16:00:00",
        "notes": "",
        "customer_name": "Asma Tekaya",
        "customer_phone": "+216 56 889 112",
        "customer_email": "",
        "added_by": "admin",
        "added_by_name": "Administrateur",
        "created_at": "2025-04-30 16:00:00"
    },
    {
        "id": "work_059",
        "type": "Coupe + Barbe",
        "crew_id": "6837416e5d2929.01722472",
        "amount": 45,
        "date": "2025-04-01 08:30:00",
        "notes": "",
        "customer_name": "Samir Dhahri",
        "customer_phone": "+216 98 112 334",
        "customer_email": "",
        "added_by": "admin",
        "added_by_name": "Administrateur",
        "created_at": "2025-04-01 08:30:00"
    },
    {
        "id": "work_060",
        "type": "Coupe moderne",
        "crew_id": "6837416e5d2929.01722472",
        "amount": 35,
        "date": "2025-04-01 15:00:00",
        "notes": "",
        "customer_name": "Riadh Mansouri",
        "customer_phone": "+216 22 445 667",
        "customer_email": "",
        "added_by": "admin",
        "added_by_name": "Administrateur",
        "created_at": "2025-04-01 15:00:00"
    },
    {
        "id": "work_061",
        "type": "Rasage traditionnel",
        "crew_id": "6837416e5d2929.01722472",
        "amount": 30,
        "date": "2025-04-02 17:15:00",
        "notes": "",
        "customer_name": "Fathi Oueslati",
        "customer_phone": "+216 55 778 990",
        "customer_email": "",
        "added_by": "admin",
        "added_by_name": "Administrateur",
        "created_at": "2025-04-02 17:15:00"
    },
    {
        "id": "work_062",
        "type": "Coupe + Shampooing",
        "crew_id": "6837416e5d2929.01722472",
        "amount": 40,
        "date": "2025-04-04 09:45:00",
        "notes": "",
        "customer_name": "Adel Khelifi",
        "customer_phone": "+216 97 556 778",
        "customer_email": "",
        "added_by": "admin",
        "added_by_name": "Administrateur",
        "created_at": "2025-04-04 09:45:00"
    },
    {
        "id": "work_063",
        "type": "Barbe seule",
        "crew_id": "6837416e5d2929.01722472",
        "amount": 20,
        "date": "2025-04-05 13:30:00",
        "notes": "",
        "customer_name": "Hatem Jaidane",
        "customer_phone": "+216 24 889 112",
        "customer_email": "",
        "added_by": "admin",
        "added_by_name": "Administrateur",
        "created_at": "2025-04-05 13:30:00"
    },
    {
        "id": "work_064",
        "type": "Coupe + Barbe + Shampooing",
        "crew_id": "6837416e5d2929.01722472",
        "amount": 55,
        "date": "2025-04-06 16:00:00",
        "notes": "Service VIP",
        "customer_name": "Nabil Guesmi",
        "customer_phone": "+216 56 223 445",
        "customer_email": "",
        "added_by": "admin",
        "added_by_name": "Administrateur",
        "created_at": "2025-04-06 16:00:00"
    },
    {
        "id": "work_065",
        "type": "Coupe moderne",
        "crew_id": "6837416e5d2929.01722472",
        "amount": 35,
        "date": "2025-04-08 11:30:00",
        "notes": "",
        "customer_name": "Ridha Mokni",
        "customer_phone": "+216 28 667 889",
        "customer_email": "",
        "added_by": "admin",
        "added_by_name": "Administrateur",
        "created_at": "2025-04-08 11:30:00"
    },
    {
        "id": "work_066",
        "type": "Coupe + Barbe",
        "crew_id": "6837416e5d2929.01722472",
        "amount": 45,
        "date": "2025-04-09 14:45:00",
        "notes": "",
        "customer_name": "Salah Abdelkafi",
        "customer_phone": "+216 95 445 667",
        "customer_email": "",
        "added_by": "admin",
        "added_by_name": "Administrateur",
        "created_at": "2025-04-09 14:45:00"
    },
    {
        "id": "work_067",
        "type": "Coupe enfant",
        "crew_id": "6837416e5d2929.01722472",
        "amount": 25,
        "date": "2025-04-10 10:15:00",
        "notes": "",
        "customer_name": "Yassin Mahfoudh",
        "customer_phone": "+216 23 556 778",
        "customer_email": "",
        "added_by": "admin",
        "added_by_name": "Administrateur",
        "created_at": "2025-04-10 10:15:00"
    },
    {
        "id": "work_068",
        "type": "Coupe + Shampooing",
        "crew_id": "6837416e5d2929.01722472",
        "amount": 40,
        "date": "2025-04-11 15:30:00",
        "notes": "",
        "customer_name": "Sofiane Jrad",
        "customer_phone": "+216 58 778 990",
        "customer_email": "",
        "added_by": "admin",
        "added_by_name": "Administrateur",
        "created_at": "2025-04-11 15:30:00"
    },
    {
        "id": "work_069",
        "type": "Rasage traditionnel",
        "crew_id": "6837416e5d2929.01722472",
        "amount": 30,
        "date": "2025-04-12 08:45:00",
        "notes": "",
        "customer_name": "Moncef Arfaoui",
        "customer_phone": "+216 29 889 112",
        "customer_email": "",
        "added_by": "admin",
        "added_by_name": "Administrateur",
        "created_at": "2025-04-12 08:45:00"
    },
    {
        "id": "work_070",
        "type": "Coupe + Barbe",
        "crew_id": "6837416e5d2929.01722472",
        "amount": 45,
        "date": "2025-04-14 17:00:00",
        "notes": "",
        "customer_name": "Fares Bennour",
        "customer_phone": "+216 94 223 445",
        "customer_email": "",
        "added_by": "admin",
        "added_by_name": "Administrateur",
        "created_at": "2025-04-14 17:00:00"
    },
    {
        "id": "work_071",
        "type": "Coupe moderne",
        "crew_id": "6837416e5d2929.01722472",
        "amount": 35,
        "date": "2025-04-15 12:15:00",
        "notes": "",
        "customer_name": "Lotfi Braiek",
        "customer_phone": "+216 26 445 667",
        "customer_email": "",
        "added_by": "admin",
        "added_by_name": "Administrateur",
        "created_at": "2025-04-15 12:15:00"
    },
    {
        "id": "work_072",
        "type": "Barbe seule",
        "crew_id": "6837416e5d2929.01722472",
        "amount": 20,
        "date": "2025-04-16 09:00:00",
        "notes": "",
        "customer_name": "Nadhir Chouchane",
        "customer_phone": "+216 57 667 889",
        "customer_email": "",
        "added_by": "admin",
        "added_by_name": "Administrateur",
        "created_at": "2025-04-16 09:00:00"
    },
    {
        "id": "work_073",
        "type": "Coupe + Shampooing",
        "crew_id": "6837416e5d2929.01722472",
        "amount": 40,
        "date": "2025-04-17 16:45:00",
        "notes": "",
        "customer_name": "Bassem Tlili",
        "customer_phone": "+216 25 556 778",
        "customer_email": "",
        "added_by": "admin",
        "added_by_name": "Administrateur",
        "created_at": "2025-04-17 16:45:00"
    },
    {
        "id": "work_074",
        "type": "Coupe + Barbe",
        "crew_id": "6837416e5d2929.01722472",
        "amount": 45,
        "date": "2025-04-18 11:00:00",
        "notes": "",
        "customer_name": "Houssem Ghanmi",
        "customer_phone": "+216 96 778 990",
        "customer_email": "",
        "added_by": "admin",
        "added_by_name": "Administrateur",
        "created_at": "2025-04-18 11:00:00"
    },
    {
        "id": "work_075",
        "type": "Rasage traditionnel",
        "crew_id": "6837416e5d2929.01722472",
        "amount": 30,
        "date": "2025-04-19 08:30:00",
        "notes": "",
        "customer_name": "Moez Kammoun",
        "customer_phone": "+216 22 889 112",
        "customer_email": "",
        "added_by": "admin",
        "added_by_name": "Administrateur",
        "created_at": "2025-04-19 08:30:00"
    },
    {
        "id": "work_076",
        "type": "Coupe moderne",
        "crew_id": "6837416e5d2929.01722472",
        "amount": 35,
        "date": "2025-04-20 14:30:00",
        "notes": "",
        "customer_name": "Khaled Daoud",
        "customer_phone": "+216 58 223 445",
        "customer_email": "",
        "added_by": "admin",
        "added_by_name": "Administrateur",
        "created_at": "2025-04-20 14:30:00"
    },
    {
        "id": "work_077",
        "type": "Coupe + Barbe + Shampooing",
        "crew_id": "6837416e5d2929.01722472",
        "amount": 55,
        "date": "2025-04-21 10:00:00",
        "notes": "Client fidèle",
        "customer_name": "Hakim Benaissa",
        "customer_phone": "+216 29 445 667",
        "customer_email": "",
        "added_by": "admin",
        "added_by_name": "Administrateur",
        "created_at": "2025-04-21 10:00:00"
    },
    {
        "id": "work_078",
        "type": "Coupe enfant",
        "crew_id": "6837416e5d2929.01722472",
        "amount": 25,
        "date": "2025-04-22 15:15:00",
        "notes": "",
        "customer_name": "Seif Baccouche",
        "customer_phone": "+216 94 667 889",
        "customer_email": "",
        "added_by": "admin",
        "added_by_name": "Administrateur",
        "created_at": "2025-04-22 15:15:00"
    },
    {
        "id": "work_079",
        "type": "Barbe seule",
        "crew_id": "6837416e5d2929.01722472",
        "amount": 20,
        "date": "2025-04-23 12:45:00",
        "notes": "",
        "customer_name": "Ramzi Sellaoui",
        "customer_phone": "+216 27 556 778",
        "customer_email": "",
        "added_by": "admin",
        "added_by_name": "Administrateur",
        "created_at": "2025-04-23 12:45:00"
    },
    {
        "id": "work_080",
        "type": "Coupe + Shampooing",
        "crew_id": "6837416e5d2929.01722472",
        "amount": 40,
        "date": "2025-04-24 17:30:00",
        "notes": "",
        "customer_name": "Anouar Cherif",
        "customer_phone": "+216 55 778 990",
        "customer_email": "",
        "added_by": "admin",
        "added_by_name": "Administrateur",
        "created_at": "2025-04-24 17:30:00"
    },
    {
        "id": "work_081",
        "type": "Coupe + Barbe",
        "crew_id": "6837416e5d2929.01722472",
        "amount": 45,
        "date": "2025-04-25 09:15:00",
        "notes": "",
        "customer_name": "Taoufik Boukthir",
        "customer_phone": "+216 23 889 112",
        "customer_email": "",
        "added_by": "admin",
        "added_by_name": "Administrateur",
        "created_at": "2025-04-25 09:15:00"
    },
    {
        "id": "work_082",
        "type": "Rasage traditionnel",
        "crew_id": "6837416e5d2929.01722472",
        "amount": 30,
        "date": "2025-04-26 13:00:00",
        "notes": "",
        "customer_name": "Borhane Krimi",
        "customer_phone": "+216 98 223 445",
        "customer_email": "",
        "added_by": "admin",
        "added_by_name": "Administrateur",
        "created_at": "2025-04-26 13:00:00"
    },
    {
        "id": "work_083",
        "type": "Coupe moderne",
        "crew_id": "6837416e5d2929.01722472",
        "amount": 35,
        "date": "2025-04-27 16:15:00",
        "notes": "",
        "customer_name": "Wissem Rejeb",
        "customer_phone": "+216 26 445 667",
        "customer_email": "",
        "added_by": "admin",
        "added_by_name": "Administrateur",
        "created_at": "2025-04-27 16:15:00"
    },
    {
        "id": "work_084",
        "type": "Coupe + Shampooing",
        "crew_id": "6837416e5d2929.01722472",
        "amount": 40,
        "date": "2025-04-28 11:45:00",
        "notes": "",
        "customer_name": "Fouad Mansour",
        "customer_phone": "+216 57 667 889",
        "customer_email": "",
        "added_by": "admin",
        "added_by_name": "Administrateur",
        "created_at": "2025-04-28 11:45:00"
    },
    {
        "id": "work_085",
        "type": "Coupe + Barbe",
        "crew_id": "6837416e5d2929.01722472",
        "amount": 45,
        "date": "2025-04-29 15:00:00",
        "notes": "",
        "customer_name": "Jamel Frikha",
        "customer_phone": "+216 24 556 778",
        "customer_email": "",
        "added_by": "admin",
        "added_by_name": "Administrateur",
        "created_at": "2025-04-29 15:00:00"
    },
    {
        "id": "work_086",
        "type": "Barbe seule",
        "crew_id": "6837416e5d2929.01722472",
        "amount": 20,
        "date": "2025-04-30 08:00:00",
        "notes": "",
        "customer_name": "Semir Hamdaoui",
        "customer_phone": "+216 95 778 990",
        "customer_email": "",
        "added_by": "admin",
        "added_by_name": "Administrateur",
        "created_at": "2025-04-30 08:00:00"
    },
    {
        "id": "work_087",
        "type": "Brushing",
        "crew_id": "683741f7bb8af2.18218834",
        "amount": 25,
        "date": "2025-04-01 09:30:00",
        "notes": "",
        "customer_name": "Khadija Ouali",
        "customer_phone": "+216 22 889 112",
        "customer_email": "",
        "added_by": "admin",
        "added_by_name": "Administrateur",
        "created_at": "2025-04-01 09:30:00"
    },
    {
        "id": "work_088",
        "type": "Coupe + Brushing",
        "crew_id": "683741f7bb8af2.18218834",
        "amount": 45,
        "date": "2025-04-01 14:15:00",
        "notes": "",
        "customer_name": "Samia Khelil",
        "customer_phone": "+216 58 223 445",
        "customer_email": "",
        "added_by": "admin",
        "added_by_name": "Administrateur",
        "created_at": "2025-04-01 14:15:00"
    },
    {
        "id": "work_089",
        "type": "Coloration",
        "crew_id": "683741f7bb8af2.18218834",
        "amount": 80,
        "date": "2025-04-02 11:00:00",
        "notes": "Roux cuivré",
        "customer_name": "Amina Dridi",
        "customer_phone": "+216 29 445 667",
        "customer_email": "",
        "added_by": "admin",
        "added_by_name": "Administrateur",
        "created_at": "2025-04-02 11:00:00"
    },
    {
        "id": "work_090",
        "type": "Mise en plis",
        "crew_id": "683741f7bb8af2.18218834",
        "amount": 35,
        "date": "2025-04-03 16:30:00",
        "notes": "",
        "customer_name": "Nesrine Sfar",
        "customer_phone": "+216 94 667 889",
        "customer_email": "",
        "added_by": "admin",
        "added_by_name": "Administrateur",
        "created_at": "2025-04-03 16:30:00"
    },
    {
        "id": "work_091",
        "type": "Coiffure de soirée",
        "crew_id": "683741f7bb8af2.18218834",
        "amount": 80,
        "date": "2025-04-04 17:45:00",
        "notes": "Chignon sophistiqué",
        "customer_name": "Rim Ben Ali",
        "customer_phone": "+216 27 556 778",
        "customer_email": "",
        "added_by": "admin",
        "added_by_name": "Administrateur",
        "created_at": "2025-04-04 17:45:00"
    },
    {
        "id": "work_092",
        "type": "Brushing",
        "crew_id": "683741f7bb8af2.18218834",
        "amount": 25,
        "date": "2025-04-05 10:15:00",
        "notes": "",
        "customer_name": "Soumaya Abid",
        "customer_phone": "+216 55 778 990",
        "customer_email": "",
        "added_by": "admin",
        "added_by_name": "Administrateur",
        "created_at": "2025-04-05 10:15:00"
    },
    {
        "id": "work_093",
        "type": "Mèches",
        "crew_id": "683741f7bb8af2.18218834",
        "amount": 75,
        "date": "2025-04-06 13:45:00",
        "notes": "Caramel doré",
        "customer_name": "Mouna Cherif",
        "customer_phone": "+216 23 889 112",
        "customer_email": "",
        "added_by": "admin",
        "added_by_name": "Administrateur",
        "created_at": "2025-04-06 13:45:00"
    },
    {
        "id": "work_094",
        "type": "Coupe + Brushing",
        "crew_id": "683741f7bb8af2.18218834",
        "amount": 45,
        "date": "2025-04-07 15:00:00",
        "notes": "",
        "customer_name": "Ikram Bouaziz",
        "customer_phone": "+216 98 223 445",
        "customer_email": "",
        "added_by": "admin",
        "added_by_name": "Administrateur",
        "created_at": "2025-04-07 15:00:00"
    },
    {
        "id": "work_095",
        "type": "Défrisage",
        "crew_id": "683741f7bb8af2.18218834",
        "amount": 90,
        "date": "2025-04-08 10:30:00",
        "notes": "Défrisage chimique",
        "customer_name": "Héla Mansouri",
        "customer_phone": "+216 26 445 667",
        "customer_email": "",
        "added_by": "admin",
        "added_by_name": "Administrateur",
        "created_at": "2025-04-08 10:30:00"
    },
    {
        "id": "work_096",
        "type": "Brushing",
        "crew_id": "683741f7bb8af2.18218834",
        "amount": 25,
        "date": "2025-04-09 12:00:00",
        "notes": "",
        "customer_name": "Wided Tlili",
        "customer_phone": "+216 57 667 889",
        "customer_email": "",
        "added_by": "admin",
        "added_by_name": "Administrateur",
        "created_at": "2025-04-09 12:00:00"
    },
    {
        "id": "work_097",
        "type": "Coloration + Coupe",
        "crew_id": "683741f7bb8af2.18218834",
        "amount": 120,
        "date": "2025-04-10 14:45:00",
        "notes": "Blond platine",
        "customer_name": "Dorsaf Karray",
        "customer_phone": "+216 24 556 778",
        "customer_email": "",
        "added_by": "admin",
        "added_by_name": "Administrateur",
        "created_at": "2025-04-10 14:45:00"
    },
    {
        "id": "work_098",
        "type": "Permanente",
        "crew_id": "683741f7bb8af2.18218834",
        "amount": 85,
        "date": "2025-04-11 16:00:00",
        "notes": "Boucles serrées",
        "customer_name": "Mabrouka Jemaa",
        "customer_phone": "+216 95 778 990",
        "customer_email": "",
        "added_by": "admin",
        "added_by_name": "Administrateur",
        "created_at": "2025-04-11 16:00:00"
    },
    {
        "id": "work_099",
        "type": "Mise en plis",
        "crew_id": "683741f7bb8af2.18218834",
        "amount": 35,
        "date": "2025-04-12 09:15:00",
        "notes": "",
        "customer_name": "Sonia Gharbi",
        "customer_phone": "+216 22 889 112",
        "customer_email": "",
        "added_by": "admin",
        "added_by_name": "Administrateur",
        "created_at": "2025-04-12 09:15:00"
    },
    {
        "id": "work_100",
        "type": "Balayage",
        "crew_id": "683741f7bb8af2.18218834",
        "amount": 100,
        "date": "2025-04-13 11:30:00",
        "notes": "Technique californienne",
        "customer_name": "Manel Oueslati",
        "customer_phone": "+216 58 223 445",
        "customer_email": "",
        "added_by": "admin",
        "added_by_name": "Administrateur",
        "created_at": "2025-04-13 11:30:00"
    },
    {
        "id": "work_101",
        "type": "Coupe + Barbe Premium",
        "crew_id": "6837416e5d2929.01722472",
        "amount": 65,
        "date": "2025-04-01 18:00:00",
        "notes": "Service haut de gamme",
        "customer_name": "Karim Mansouri",
        "customer_phone": "+216 98 445 667",
        "customer_email": "",
        "added_by": "admin",
        "added_by_name": "Administrateur",
        "created_at": "2025-04-01 18:00:00"
    },
    {
        "id": "work_102",
        "type": "Extension + Coiffure",
        "crew_id": "683741f7bb8af2.18218834",
        "amount": 180,
        "date": "2025-04-14 15:00:00",
        "notes": "Extensions naturelles",
        "customer_name": "Nadia Khemiri",
        "customer_phone": "+216 25 778 990",
        "customer_email": "",
        "added_by": "admin",
        "added_by_name": "Administrateur",
        "created_at": "2025-04-14 15:00:00"
    },
    {
        "id": "work_103",
        "type": "Coupe + Barbe + Soin",
        "crew_id": "6837416e5d2929.01722472",
        "amount": 75,
        "date": "2025-04-02 19:30:00",
        "notes": "Soin barbe premium",
        "customer_name": "Aymen Gharbi",
        "customer_phone": "+216 56 223 445",
        "customer_email": "",
        "added_by": "admin",
        "added_by_name": "Administrateur",
        "created_at": "2025-04-02 19:30:00"
    },
    {
        "id": "work_104",
        "type": "Lissage Premium",
        "crew_id": "683741f7bb8af2.18218834",
        "amount": 160,
        "date": "2025-04-15 10:00:00",
        "notes": "Lissage keratin",
        "customer_name": "Sarra Bouzid",
        "customer_phone": "+216 29 889 112",
        "customer_email": "",
        "added_by": "admin",
        "added_by_name": "Administrateur",
        "created_at": "2025-04-15 10:00:00"
    },
    {
        "id": "work_105",
        "type": "Forfait complet homme",
        "crew_id": "6837416e5d2929.01722472",
        "amount": 85,
        "date": "2025-04-03 17:15:00",
        "notes": "Coupe + Barbe + Shampooing + Massage",
        "customer_name": "Mehdi Jouini",
        "customer_phone": "+216 94 667 889",
        "customer_email": "",
        "added_by": "admin",
        "added_by_name": "Administrateur",
        "created_at": "2025-04-03 17:15:00"
    },
    {
        "id": "work_106",
        "type": "Coloration complexe",
        "crew_id": "683741f7bb8af2.18218834",
        "amount": 140,
        "date": "2025-04-16 13:30:00",
        "notes": "Technique ombré + balayage",
        "customer_name": "Amira Sellami",
        "customer_phone": "+216 27 556 778",
        "customer_email": "",
        "added_by": "admin",
        "added_by_name": "Administrateur",
        "created_at": "2025-04-16 13:30:00"
    },
    {
        "id": "work_107",
        "type": "Coupe styliste",
        "crew_id": "6837416e5d2929.01722472",
        "amount": 60,
        "date": "2025-04-04 16:45:00",
        "notes": "Coupe créative",
        "customer_name": "Zied Hammami",
        "customer_phone": "+216 55 778 990",
        "customer_email": "",
        "added_by": "admin",
        "added_by_name": "Administrateur",
        "created_at": "2025-04-04 16:45:00"
    },
    {
        "id": "work_108",
        "type": "Coiffure mariage",
        "crew_id": "683741f7bb8af2.18218834",
        "amount": 200,
        "date": "2025-04-17 09:00:00",
        "notes": "Coiffure mariée complète",
        "customer_name": "Yasmine Dridi",
        "customer_phone": "+216 23 889 112",
        "customer_email": "",
        "added_by": "admin",
        "added_by_name": "Administrateur",
        "created_at": "2025-04-17 09:00:00"
    },
    {
        "id": "work_109",
        "type": "Forfait VIP",
        "crew_id": "6837416e5d2929.01722472",
        "amount": 95,
        "date": "2025-04-05 18:30:00",
        "notes": "Service premium complet",
        "customer_name": "Hatem Bouazizi",
        "customer_phone": "+216 98 223 445",
        "customer_email": "",
        "added_by": "admin",
        "added_by_name": "Administrateur",
        "created_at": "2025-04-05 18:30:00"
    },
    {
        "id": "683748f8b6ef08.62773797",
        "type": "Coloration",
        "crew_id": "6837416e5d2929.01722472",
        "amount": 130,
        "date": "2025-05-28T19:32",
        "notes": "Test de note",
        "customer_name": "Tarek Rezgui",
        "customer_phone": "+21653915250",
        "customer_email": "contact@steaps.tech",
        "added_by": "crew",
        "added_by_name": "mouhaned bouzaien",
        "created_at": "2025-05-28 19:33:44"
    },
    {
        "id": "685296231210a7.76813912",
        "type": "Yes11, Soin Capillaire",
        "services": [
            "68529603c64618.62380335",
            "service_006"
        ],
        "crew_id": "683741f7bb8af2.18218834",
        "amount": 145,
        "date": "2025-06-18T12:33",
        "notes": "ouiiii",
        "customer_name": "Test Test",
        "customer_phone": "+21655552662",
        "customer_email": "contact@steaps.tech",
        "added_by": "admin",
        "added_by_name": "admin",
        "created_at": "2025-06-18 12:34:11"
    },
    {
        "id": "685297079c5061.41391235",
        "type": "Coupe Homme, Coupe Femme, Brushing",
        "services": [
            "service_001",
            "service_002",
            "service_003"
        ],
        "crew_id": "6837416e5d2929.01722472",
        "amount": 60,
        "date": "2025-06-18T12:36",
        "notes": "cccccccc",
        "customer_name": "Oui Test",
        "customer_phone": "+21655262662",
        "customer_email": "hello@gg.xx",
        "added_by": "crew",
        "added_by_name": "mouhaned bouzaien",
        "created_at": "2025-06-18 12:37:59"
    }
]